Name,Distance,ClosestEdge
State Rd @ 790 S (NB),2.2374730320375873,"<edge id=""1078856899#1"" from=""9890121484"" to=""cluster_10892583238_84731382""/>"
1600 N @ 139 E,1.0835602613684339,"<edge id=""913301105#9"" from=""9859009934"" to=""9859009939""/>"
Center Street @ 1981 W,3.5932796105397276,"<edge id=""1298555551#1"" from=""12029270789"" to=""12029270815""/>"
Freedom Blvd / 500 N (NB),4.059878637584935,"<edge id=""1018632328#17"" from=""cluster_7059578956_9395337109"" to=""9395337098""/>"
State St / Pacific Dr. (SB),1.7940548282959186,"<edge id=""1173531276#1"" from=""10903740914"" to=""10903740922""/>"
Center St / Vineyard Rd (EB),2.8611360896327427,"<edge id=""1072346208#5"" from=""9839109799"" to=""9839109803""/>"
100 E @ 2195 N,1.4071050899203568,"<edge id=""936972762#4"" from=""8681706486"" to=""8681706572""/>"
Main St @ 100 E (WB),2.5568501527338414,"<edge id=""1072436249#1"" from=""11897991893"" to=""7571865748""/>"
1200 W @ 270 S,0.4391673835764685,"<edge id=""531995507#10"" from=""5163331854"" to=""5163331856""/>"
Ashton Blvd / Triumph Blvd (NB),3.5626531645176702,"<edge id=""650745227#4"" from=""6103993861"" to=""6103993863""/>"
920 S @ 331 W,3.495743130128888,"<edge id=""1342526133#4"" from=""cluster_12421508275_84714504"" to=""cluster_12421508274_7089453240_84714511_84865258""/>"
Center St @ 50 W (WB),4.537175087499286,"<edge id=""1071797998#1"" from=""9834910215"" to=""12338292012""/>"
State St @ 740 E (WB),5.94104797686872,"<edge id=""809852104#30"" from=""1250531497"" to=""10894171471""/>"
State St / 600 N (SB),1.8977817270559914,"<edge id=""230356009#1"" from=""2388673021"" to=""8636054943""/>"
Center St / Vineyard Rd (WB),0.39037432248653264,"<edge id=""845770338#1"" from=""4683888447"" to=""9683164722""/>"
Center St / Orem Blvd (EB),2.4605897613096523,"<edge id=""535323361#1"" from=""8410497170"" to=""8410497030""/>"
800 E @ 983 S,7.006208443447938,"<edge id=""733392812#2"" from=""6868156423"" to=""6868156420""/>"
300 W / River Park Dr (NB),2.6323976444193966,"<edge id=""299712466#1"" from=""6935648604"" to=""6935648524""/>"
Freedom Blvd / 100 N (NB),0.3501456080744849,"<edge id=""832634640#3"" from=""7773406499"" to=""6819241746""/>"
University Ave / 3700 N (SB),1.8817208734517772,"<edge id=""660601807#0"" from=""1307488158"" to=""cluster_5657041355_5657041356_5657041357_5657041359_#2more""/>"
4800 West @ 10080 N,3.8082825081153047,"<edge id=""1123463259#1"" from=""10274407762"" to=""9834802279""/>"
State St / 100 E (WB),1.6874072989898812,"<edge id=""1073970472#1"" from=""9791740588"" to=""9851297502""/>"
State St / 400 N (SB),1.1621382237216267,"<edge id=""1173531251#2"" from=""10900190382"" to=""10903740588""/>"
Main St @ 150 S (NB),3.9654171372544265,"<edge id=""-684661233#0"" from=""7011497486"" to=""9834910264""/>"
State St / 700 E (EB),1.4659832708075966,"<edge id=""1070448641#1"" from=""9823751695"" to=""9823757648""/>"
Main St / 400 N (NB),4.1870550036830405,"<edge id=""-1085626241#0"" from=""6629900334"" to=""11229712135""/>"
Main St / 400 N (SB),3.5450031243115223,"<edge id=""1245330092#1"" from=""11229746238"" to=""9947987480""/>"
Main St / 110 N (NB),2.3033023481942676,"<edge id=""1085668061#2"" from=""9947987449"" to=""9947671399""/>"
Main St / 110 N (SB),8.563873387780633,"<edge id=""753157007#8"" from=""cluster_369917237_7037301128_9947671401_9947671406_#2more"" to=""7037301130""/>"
Vineyard Station (Bay A),0.7128792978089823,"<edge id=""1124001877#2"" from=""10278956018"" to=""10278956132""/>"
Uta Mt. Timpanogos Garage,2.600158473527189,"<edge id=""1326183426#1"" from=""12270352608"" to=""7011117196""/>"
2230 N / Freedom Blvd (EB),1.6167496147121263,"<edge id=""1025675589#3"" from=""10280960501"" to=""9884199387""/>"
Freedom Blvd / 1950 N (NB),2.2100955098384136,"<edge id=""1025373168#0"" from=""9905193356"" to=""cluster_1710112111_9454308422""/>"
Freedom Blvd / 1800 N (SB),1.5721248513469774,"<edge id=""1271944598#0"" from=""11811464227"" to=""11811464234""/>"
North County Blvd @ 10900 N,4.066311339234722,"<edge id=""1318952228"" from=""9945471896"" to=""12206538780""/>"
11000 N @ 5320 W,7.760816990783848,"<edge id=""-1225016876"" from=""3117734899"" to=""3117734898""/>"
Adobe,2.2494198948274136,"<edge id=""1091120359"" from=""9993831898"" to=""9993831895""/>"
11000 N @ 5331 W,1.037455760615587,"<edge id=""306782194#2"" from=""3117734886"" to=""3117734877""/>"
300 W / River Park Dr (SB),1.0395181145425283,"<edge id=""1178187451#2"" from=""6925108879"" to=""6925111290""/>"
300 W / 4900 N (SB),2.8230551101095833,"<edge id=""592837507#5"" from=""6935539471"" to=""4678588358""/>"
State St / Green Spring Way (SB),3.258117052901734,"<edge id=""1173531271#1"" from=""cluster_10903740887_10903753352_7606608020"" to=""10903740895""/>"
State St / Columbia Village (EB),2.36255048820633,"<edge id=""-1353595025"" from=""cluster_10894272544_84718344"" to=""12525710320""/>"
Main St / American Fork Center St (,2.4596181299865933,"<edge id=""1172568575#1"" from=""9839832565"" to=""12064032670""/>"
Main St / 100 E (EB),3.151746820695078,"<edge id=""463681782#1"" from=""3028506120"" to=""3028506118""/>"
State St / 300 E (EB),4.507255842109573,"<edge id=""1072436246#3"" from=""12495355068"" to=""9839832551""/>"
Main St / 100 W (EB),2.539676297096994,"<edge id=""1172568577#1"" from=""11948527686"" to=""cluster_10894240094_84718334""/>"
State St @ 400 E (WB),2.046352436389462,"<edge id=""970137998#3"" from=""8977528145"" to=""8977528149""/>"
State St @ Pleasant Grove Center St,0.760581008495164,"<edge id=""1072008748#0"" from=""9836484197"" to=""9836510717""/>"
State St @ 500 E (WB),2.4987373093916614,"<edge id=""880769044#4"" from=""8191993055"" to=""8191993052""/>"
State St / 500 E (EB),1.240303317966917,"<edge id=""1103549606#8"" from=""10098242961"" to=""10098242962""/>"
State St / 860 E (EB),9.383497401811045,"<edge id=""-749751412"" from=""7011052659"" to=""7011052657""/>"
State St / North County Blvd (EB),0.8007696989263169,"<edge id=""1172329959#1"" from=""10892558445"" to=""10892558443""/>"
State St / 1300 W (EB),10.37509897647581,"<edge id=""-82331528#2"" from=""7013230122"" to=""7013702594""/>"
Center St / 400 W (EB),8.111080269279284,"<edge id=""-227602198#8"" from=""10880198083"" to=""9836484153""/>"
Center St / 200 W (EB),8.195025478301563,"<edge id=""81050326#1"" from=""9836484178"" to=""cluster_7011056873_84814362""/>"
Center St / 100 W (EB),6.472088277931063,"<edge id=""1072008743#1"" from=""9836484184"" to=""9834910283""/>"
State St / 150 S (SB),4.137103219933592,"<edge id=""231241499#1"" from=""9834910264"" to=""7011497486""/>"
Main St @ 50 S (NB),3.39706752267232,"<edge id=""10248479#1"" from=""9834910265"" to=""9834910269""/>"
State Rd @ 1300 W (WB),0.4475447545273901,"<edge id=""1172330907#0"" from=""10892569661"" to=""10892569664""/>"
Center St / 1200 W (WB),4.255909416484087,"<edge id=""526240509#2"" from=""cluster_5116059279_5116059283_5163331838_5767886527"" to=""5117868763""/>"
Express Way Lane @ 1211 E,6.124413958480413,"<edge id=""10224670#4"" from=""9177262642"" to=""84719051""/>"
Geneva Rd @ 1032 S,4.107817568201584,"<edge id=""1326183429#1"" from=""12270352629"" to=""12270352630""/>"
University Ave / 3700 N (NB),3.5939328207973467,"<edge id=""721386821#1"" from=""7675887325"" to=""6768004094""/>"
State St @ North County Blvd. (WB),0.701223855329469,"<edge id=""1172551737#3"" from=""10894171466"" to=""10894171470""/>"
State St / 740 E (EB),1.241818253561132,"<edge id=""1172551743#6"" from=""10894171579"" to=""10894171581""/>"
State St @ 400 N (NB),0.020213679447803792,"<edge id=""1173137756#2"" from=""10900190377"" to=""10900190374""/>"
State St @ 600 N (NB),1.1562771955710274,"<edge id=""1074082092#15"" from=""9852183836"" to=""9852183835""/>"
State Rd @ 800 N (NB),1.387992568061754,"<edge id=""1172330922#2"" from=""10892583305"" to=""10892583304""/>"
State St / 700 N (SB),1.0413021554679966,"<edge id=""230356009#5"" from=""2388672961"" to=""9852183828""/>"
State St @ 100 S (NB),0.5051318451487199,"<edge id=""1174678129#1"" from=""5191597812"" to=""5191597800""/>"
State St / 1500 N (WB),4.9470117225131,"<edge id=""1174678082#7"" from=""11052817864"" to=""10915212618""/>"
Freedom Blvd / 800 N (NB),2.8091746119217746,"<edge id=""1018632360#17"" from=""9554737980"" to=""9395374932""/>"
1600 N @ 260 W,1.30590930187221,"<edge id=""585734867#6"" from=""5596917218"" to=""5596917214""/>"
State St @ 860 E (WB),7.230482752324245,"<edge id=""809852104#30"" from=""1250531497"" to=""10894171471""/>"
University Ave / 3300 N (SB),2.162318341500543,"<edge id=""115822350#8"" from=""5657038230"" to=""6184895302""/>"
Ashton Blvd / Triumph Blvd (EB),0.07380929677381103,"<edge id=""792354462#0"" from=""7409116201"" to=""7409116193""/>"
State St @ Center St. (NB),4.968144841214329,"<edge id=""481604605#1"" from=""12533471173"" to=""11844248640""/>"
Main St @ 595 N,13.6896098282475,"<edge id=""-684673718#12"" from=""9916479257"" to=""cluster_7011135271_84846368""/>"
900 N / 800 E (EB) for BYU S Campus,0.840113557858884,"<edge id=""1030541357#10"" from=""cluster_7069533624_9499456163"" to=""cluster_7069533618_7851839026_9246818085_9499456162""/>"
Triumph Blvd / Ashton Blvd (NB),7.064222125286447,"<edge id=""10245147#1"" from=""9791319183"" to=""11575686275""/>"
400 S @ 350 E,3.6243843936399562,"<edge id=""-749756374"" from=""7011080129"" to=""7011080126""/>"
100 W @ 680 S,7.198532556106998,"<edge id=""-466219507#5"" from=""4610763796"" to=""4610763788""/>"
Highway 198 @ 385 N,10.139914817718491,"<edge id=""-933026947#0"" from=""8682823115"" to=""8648689409""/>"
State St @ 1200 N (NB),0.8618467464182539,"<edge id=""1087117973#7"" from=""9960721141"" to=""7011123417""/>"
State St @ 1800 N (NB),1.1382477495492733,"<edge id=""1174678111#10"" from=""cluster_11742675897_11742675899"" to=""10915212884""/>"
State St @ 1960 N,1.9160698013651565,"<edge id=""1174678110#4"" from=""10915212834"" to=""cluster_10915212836_7013350658""/>"
State St @ 300 N (NB),1.4580710676516273,"<edge id=""1173137760#6"" from=""7011113623"" to=""7011113625""/>"
State St / 800 W (SB),1.9004969185035785,"<edge id=""1173531257#1"" from=""10903740804"" to=""12008680059""/>"
800 S @ 705 W,1.9560368830167847,"<edge id=""1367124413#1"" from=""12660378269"" to=""12660378273""/>"
1460 N / 1900 W (EB),2.9573046870342754,"<edge id=""-10241074#7"" from=""84876424"" to=""84845213""/>"
1430 S / 550 W (WB),2.2861449807861134,"<edge id=""10236886#4"" from=""4705650324"" to=""4727117844""/>"
State St / 400 E (EB),5.269605580379195,"<edge id=""880769041#14"" from=""cluster_7116233637_8191993035"" to=""8191993036""/>"
Pleasant Grove Center St / State St,1.774702325148694,"<edge id=""1072008744#2"" from=""9836484190"" to=""9836484188""/>"
Main St / American Fork Center St (,2.5924998104956622,"<edge id=""1072436250#6"" from=""11949060367"" to=""11949060364""/>"
Main St / 400 E (EB),No edge found,No edge found
900 E / 150 S (NB),6.006569747046098,"<edge id=""-10238463#3"" from=""84800232"" to=""84727853""/>"
900 E / 200 N (NB),1.2863919839665465,"<edge id=""1323777526#2"" from=""12249824679"" to=""12249824669""/>"
State St @ 1970 S,12.350162789589518,"<edge id=""933008263#0"" from=""84748079"" to=""84748083""/>"
South Payson P+R (Bay A),2.64718469167901,"<edge id=""756035403"" from=""7061260361"" to=""7061260354""/>"
800 S @ 680 W,0.8193289993839347,"<edge id=""1367329557#3"" from=""12662673585"" to=""12660378272""/>"
Highway 198 @ 1877 W,8.03024256122707,"<edge id=""933030945#0"" from=""84634251"" to=""7611353462""/>"
100 W @ 397 S,1.8889426144124113,"<edge id=""1175120276#3"" from=""12662737758"" to=""12662737789""/>"
100 N @ 190 E,0.24104604330670423,"<edge id=""1367398875#2"" from=""12663379766"" to=""12663353844""/>"
University Ave / Cougar Blvd (SB),5.020935399211441,"<edge id=""1018632371#5"" from=""9395374979"" to=""6767949884""/>"
Center St / 800 E (EB),2.915354233498706,"<edge id=""231365239#19"" from=""cluster_5257731012_5257731016_5657086429_5657086430_#1more"" to=""cluster_11749709966_84804138""/>"
Center St / 800 E (WB),3.114766617497626,"<edge id=""478003492#3"" from=""4712779719"" to=""4712779720""/>"
State St @ 1100 N (NB),0.9892969254888005,"<edge id=""1002096097#11"" from=""cluster_1071524178_84844476_9247206448_9248737340_#1more"" to=""9248737357""/>"
State St / 2000 N (SB),1.7913029965172576,"<edge id=""1071760805#3"" from=""9834627218"" to=""387552209""/>"
1200 W / 700 S (NB),1.2335991595199511,"<edge id=""624249213#1"" from=""9888612900"" to=""9888612910""/>"
1200 W @ 1586 N,0.9697503665429869,"<edge id=""1071770897#1"" from=""9815052553"" to=""9834702179""/>"
Main St / 1600 N (SB),7.4273825516459695,"<edge id=""-413237519#1"" from=""84822411"" to=""84319049""/>"
UVU Station (Adjacent bus stop EB),1.32595965852218,"<edge id=""477393502#2"" from=""4707569491"" to=""4707569483""/>"
State St @ 400 S. (NB),3.5902415816230553,"<edge id=""537800530#6"" from=""4598513275"" to=""7120950027""/>"
State Hwy @ 1095 N,9.836363918353069,"<edge id=""797917000#8"" from=""3331186580"" to=""cluster_11495642000_11495642001_11495642002_6339213613_#1more""/>"
100 N @ 890 E,0.8863796571752807,"<edge id=""1367398849#0"" from=""12663379499"" to=""12663379473""/>"
100 N @ 985 E,0.9599682343709861,"<edge id=""1367398852#10"" from=""4611229430"" to=""12663379477""/>"
100 N @ 395 E,2.6426623351256344,"<edge id=""1367398824#0"" from=""12663353892"" to=""12663379413""/>"
100 N @ 185 E,0.08354236349622264,"<edge id=""1367398813#2"" from=""12663353845"" to=""12663353872""/>"
State Rd @ 1076 N,9.66683141819459,"<edge id=""933972044#3"" from=""7589030668"" to=""84765831""/>"
1600 N @ 277 W,1.8995453977528471,"<edge id=""1075041003#7"" from=""cluster_11745829389_11745829390"" to=""9859911259""/>"
Main St  @ 60 S,6.78966038865227,"<edge id=""721282485#10"" from=""10900395360"" to=""12070616919""/>"
Redwood Rd @ 1418 N,No edge found,No edge found
Harvest Hills Blvd @ 224,No edge found,No edge found
Hwy 198  @ 38 N,4.626066860760166,"<edge id=""933026951"" from=""84846317"" to=""84949418""/>"
Center St @ 2915 W,2.5443305053089653,"<edge id=""559264152"" from=""cluster_5394508330_5605487818_5605487949"" to=""5394508329""/>"
University Ave / 4200 N (SB),3.453026661091809,"<edge id=""721386829#0"" from=""6768004159"" to=""6768004157""/>"
University Ave / 4200 N (NB),6.69395718080842,"<edge id=""790916857#1"" from=""cluster_1250615291_6768004154_6768004155_6768004158_#1more"" to=""7393906397""/>"
University Ave / 2680 N (SB),2.640688693498102,"<edge id=""115822350#1"" from=""7011227188"" to=""cluster_3725158339_6767984541_6767984542_84826598""/>"
BYU South Campus Station,2.0924623558360045,"<edge id=""1001845739#1"" from=""cluster_84714695_9569245129_9569245130_9569245132"" to=""cluster_84778113_9493562528""/>"
University Place Station (WB),2.5236849645193176,"<edge id=""1124249272#2"" from=""2400749492"" to=""11837385979""/>"
900 E / 300 S (SB),3.993311453539352,"<edge id=""553145881#2"" from=""12283619943"" to=""12283619944""/>"
400 E @ 212 S,8.829082608462375,"<edge id=""10234072#3"" from=""84819562"" to=""84800672""/>"
800 E @ 595 N,7.669819966221517,"<edge id=""1035171895#2"" from=""84769616"" to=""9214783846""/>"
Main St @ 480 S,1.7992545294293913,"<edge id=""1056782274#1"" from=""9710482129"" to=""9710482131""/>"
State St / 500 W (WB),5.165783828212204,"<edge id=""1174678084#2"" from=""8061383873"" to=""10276306660""/>"
State St / 950 E (WB),6.479589491715906,"<edge id=""-298119517#7"" from=""308036084"" to=""cluster_3020210037_7606567545_7606567548""/>"
State St / 950 E (EB),4.266198944534988,"<edge id=""1188521676#1"" from=""cluster_3020210037_7606567545_7606567548"" to=""7868325554""/>"
500 W 180 N,3.303429809946889,"<edge id=""551523303#5"" from=""7227026216"" to=""5326313132""/>"
University Ave / 2680 N (NB),3.190945735405595,"<edge id=""790916845"" from=""7273560234"" to=""cluster_3725158339_6767984541_6767984542_84826598""/>"
300 S / 200 E (WB),1.552341707613372,"<edge id=""1343281092#1"" from=""12428768528"" to=""12428768534""/>"
UVU McKay Education Building (WB),1.773129520634356,"<edge id=""624249182#7"" from=""9499554056"" to=""9499554046""/>"
UVU Testing Services (WB),1.293571904300147,"<edge id=""624249174#0"" from=""4707569342"" to=""9499554050""/>"
2230 North Station,1.3603939870540582,"<edge id=""1001839202#3"" from=""cluster_10680756072_12610683153_12610683156_12610683159_#6more"" to=""10680755746""/>"
BYU Stadium Station,1.8274859692222307,"<edge id=""1018715188#3"" from=""9497124632"" to=""9396099498""/>"
BYU Stadium Station,0.7918374317433601,"<edge id=""1030260847"" from=""3048430781"" to=""9497124630""/>"
BYU North Campus Station,3.3451643970358593,"<edge id=""1124300606#1"" from=""cluster_84888319_9396099572"" to=""cluster_1037365674_9396099571""/>"
Provo Central Station (Bay H),5.950216866159247,"<edge id=""1030581531"" from=""5388433964"" to=""9499804882""/>"
400 South Station,1.3314393344112854,"<edge id=""1001934331#3"" from=""6945754855"" to=""12246802183""/>"
Academy Square Station,0.1898604390933428,"<edge id=""741957443"" from=""6945754752"" to=""6343896643""/>"
1200 W @ 707 N,0.9289619408663266,"<edge id=""464198897#1"" from=""4593386104"" to=""957769127""/>"
2100 W / 1730 N (SB),7.6105381674943455,"<edge id=""-413237519#3"" from=""469482573"" to=""4145941556""/>"
1430 S / 400 W (WB),4.618554641364082,"<edge id=""10236886#1"" from=""cluster_7011113203_9850877057"" to=""6887080309""/>"
Freedom Blvd / 1550 N (NB),0.9224232885376067,"<edge id=""992336416#4"" from=""cluster_7011323507_9168463316"" to=""cluster_7011323508_9168492217""/>"
800 S @ 1199 W,0.277677931398741,"<edge id=""1366979974#1"" from=""12659486013"" to=""12659486081""/>"
100 N @ 30 W,0.8211439886457431,"<edge id=""466225985#3"" from=""4610857106"" to=""12662737923""/>"
Grandview Ln / State St (WB),1.5223291071160598,"<edge id=""1037184613#2"" from=""9554666371"" to=""cluster_7852591082_9554666378""/>"
700 N / 200 E (EB),0.7175202032421646,"<edge id=""1018717005#6"" from=""7008437137"" to=""7008437126""/>"
Lakeview Station,0.1230941774394777,"<edge id=""1036114787"" from=""9546083546"" to=""9546083547""/>"
BYU North Campus Station,1.757627470982917,"<edge id=""1124300607#2"" from=""10628306474"" to=""9538865021""/>"
Joaquin Station,2.6656131375840935,"<edge id=""1001848377#4"" from=""7086441251"" to=""7086441252""/>"
300 North Station,0.4459490531287172,"<edge id=""741957441"" from=""6945754747"" to=""9932608371""/>"
Towne Centre Blvd Station,6.154147337971821,"<edge id=""1072819409#3"" from=""2413992880"" to=""cluster_12247605847_2413979957""/>"
State St / 1800 N (SB),7.487541615439622,"<edge id=""-10244470"" from=""84910488"" to=""84845048""/>"
State St / 1400 N (SB),2.297138608818106,"<edge id=""1071773926#10"" from=""9834728221"" to=""9834728220""/>"
State St / 1200 N (SB),0.5902870853650426,"<edge id=""1174678123#1"" from=""10915213082"" to=""9248808621""/>"
State St / 1000 N (SB),2.4426668968064544,"<edge id=""1174678120#1"" from=""10915213070"" to=""10915213071""/>"
1600 N @ 526 W,6.036320281652453,"<edge id=""1133136673"" from=""10565005376"" to=""976971932""/>"
1600 N @ 832 W,8.388252139073014,"<edge id=""600788076#10"" from=""9834702437"" to=""cluster_84822344_9834702455""/>"
1600 N @ 445 W,2.088149683229325,"<edge id=""1075043027#1"" from=""9859930731"" to=""9859930687""/>"
State St @ 400 N (NB),1.3304745097553492,"<edge id=""-1103213876#2"" from=""cluster_7861153345_7861153346"" to=""360139056""/>"
1600 N @ 755 W,0.6750418447552075,"<edge id=""585737136#1"" from=""9834702382"" to=""5596934767""/>"
800 E @ 32 S,1.364553008428192,"<edge id=""538821992#2"" from=""6129235771"" to=""5257730954""/>"
800 E @ 220 S,1.6550456813301124,"<edge id=""538821996#6"" from=""7171463738"" to=""5214870354""/>"
800 E @ 442 S,0.2346261097167329,"<edge id=""882169305#7"" from=""8203949976"" to=""8203949745""/>"
River Park Dr / Edgewood Dr (WB),1.5194232677841408,"<edge id=""661759150#4"" from=""cluster_2350427735_84858301_84858306"" to=""6195412799""/>"
1200 N @ 761 E,1.534643044731638,"<edge id=""1284979505"" from=""9868872862"" to=""11920651616""/>"
Timpanogos Pkwy @ 655 E,4.9541212481399475,"<edge id=""231247767"" from=""84797754"" to=""84855307""/>"
Research Way @ 1224 N,2.712797090616823,"<edge id=""10231865#1"" from=""11920651665"" to=""953930632""/>"
300 S / 600 E (EB),2.989870952791505,"<edge id=""1040105424#1"" from=""9576903658"" to=""cluster_7986899476_9576903652""/>"
State St / 500 N (SB),0.5076163907011623,"<edge id=""465183714#13"" from=""7011057371"" to=""5767815640""/>"
State St / 400 N (SB),0.38463162696401165,"<edge id=""493946978#6"" from=""7115988091"" to=""5767841933""/>"
State St / 100 N (SB),0.7979482105110905,"<edge id=""494278242#3"" from=""4860654260"" to=""4860654287""/>"
State St / Orem Center St (SB),1.0760886284477413,"<edge id=""535700453#2"" from=""5191594241"" to=""10915213093""/>"
Main St / 1450 S (SB),0.9848894866643979,"<edge id=""1072084182#2"" from=""9837093148"" to=""9837092945""/>"
Main St / 1600 S (SB),0.3376574941238784,"<edge id=""1072084140#8"" from=""9837092525"" to=""9837089810""/>"
1460 N / Grand Ave (WB),5.930139913327422,"<edge id=""1340394994#2"" from=""cluster_11151557124_84777575_84777755"" to=""84826638""/>"
Main St / 1600 S (NB),0.7184837101685257,"<edge id=""1072084171#4"" from=""9837092994"" to=""9837092527""/>"
Main St / 1450 S (NB),0.9176781621519906,"<edge id=""1072084175#1"" from=""9837093019"" to=""9837092993""/>"
Main St / 1400 S (NB),1.4861639303894618,"<edge id=""1036894570#2"" from=""9837093154"" to=""9837093155""/>"
1200 W / 400 S (NB),0.8860821559093951,"<edge id=""1078675154#3"" from=""9888587202"" to=""9888627326""/>"
1200 W / 540 S (NB),1.2240041229467458,"<edge id=""1078675151#3"" from=""12079879273"" to=""9888627323""/>"
1600 N @ 525 W,6.664529786803024,"<edge id=""-600788076#0"" from=""cluster_6902929357_976971917"" to=""976971932""/>"
1600 N @ 97 W,0.9771454508543077,"<edge id=""1075040956#1"" from=""9834786463"" to=""9859906587""/>"
1200 N @ 762 E,1.0042713459681354,"<edge id=""1071773969#9"" from=""7917314770"" to=""7917314785""/>"
Timpanogos Pkwy @ 680 E,7.661733077754516,"<edge id=""-231247767"" from=""84855307"" to=""84797754""/>"
Research Way @ 1243 N,12.220551793366663,"<edge id=""-10231865#1"" from=""953930632"" to=""11920651665""/>"
Main St / University Pkwy (SB),0.6526934233330706,"<edge id=""1036894571#8"" from=""9837093049"" to=""9552506385""/>"
1720 N / 550 W (EB),0.9596063606685362,"<edge id=""1020887670#5"" from=""9168421194"" to=""9168421189""/>"
900 E / 450 N (SB),0.5287481329694846,"<edge id=""1125287215#18"" from=""10290407841"" to=""10290395130""/>"
1460 N / Grand Ave (EB),5.138629857198154,"<edge id=""-1340394993"" from=""84826638"" to=""cluster_11151557124_84777575_84777755""/>"
2100 W / 1730 N (NB),4.074173867495862,"<edge id=""413237519#2"" from=""84822411"" to=""4145941556""/>"
1200 W / 700 S (SB),1.0439502952003603,"<edge id=""1078675146#0"" from=""9888612905"" to=""9888612901""/>"
State St @ 600 S (NB),2.6570125806629608,"<edge id=""883403194#16"" from=""8215158672"" to=""8215158671""/>"
State St / 400 S (SB),1.9240516460425963,"<edge id=""884910432#6"" from=""8229013248"" to=""8496638992""/>"
State St / 600 S (SB),1.3656290325064928,"<edge id=""884910432#14"" from=""8229013266"" to=""8229013265""/>"
UVU Gunther Building (SB),3.1553588719237164,"<edge id=""10187232#1"" from=""cluster_1100436363_1100436388_84071403"" to=""6970554201""/>"
University Pkwy / Main St (WB),2.4951873571216527,"<edge id=""1228117191#2"" from=""11388699497"" to=""11388699507""/>"
1430 S / 400 W (EB),1.2368023325017046,"<edge id=""1073919097#1"" from=""9850877043"" to=""cluster_7011113203_9850877057""/>"
State St @ 200 S (NB),0.19520269327552373,"<edge id=""1174678133#1"" from=""5191598061"" to=""5207000599""/>"
1460 N / 1500 W (EB),2.907692091576382,"<edge id=""-885055011#1"" from=""7014266212"" to=""cluster_10280960345_10280960346_84876422""/>"
800 E @ 385 S,1.7705918623232608,"<edge id=""554937859#1"" from=""5355007836"" to=""8203949748""/>"
University Pkwy @ 2266 N,6.225472351217356,"<edge id=""1352853138#1"" from=""cluster_10887301110_10887301111_10887301112_12338276800_#11more"" to=""12216663872""/>"
800 E / 800 S (SB),4.086186838121771,"<edge id=""1035853402#2"" from=""9543800220"" to=""cluster_84875046_9543800258""/>"
800 E / 1000 S (SB),4.985400228037456,"<edge id=""1035854984#2"" from=""9543790639"" to=""9543800261""/>"
550 W / 1800 N (NB),1.4781514817138908,"<edge id=""1035473447#1"" from=""cluster_5781170007_7011154679_9538682620"" to=""cluster_6976517142_9538682619""/>"
800 E @ 621 S,0.22979925820980734,"<edge id=""882169344#4"" from=""9543826092"" to=""8203950052""/>"
State St / 1700 S (SB),3.5310728626063312,"<edge id=""1072008817#13"" from=""9836511094"" to=""9836511103""/>"
State St / 1800 S (SB),1.7011934304934488,"<edge id=""1072008832#1"" from=""9836511132"" to=""11254470268""/>"
State St / 1950 N (SB),2.3406999954700902,"<edge id=""1174678873#1"" from=""9836511135"" to=""10915219670""/>"
State St / 1850 N (SB),1.0432706303445762,"<edge id=""1174678877#4"" from=""10915219715"" to=""10915219714""/>"
State St / Grandview Ln (SB),1.7019771433799953,"<edge id=""992338513#8"" from=""9168502976"" to=""9168502978""/>"
State St / Riverside Ave (SB),2.9177021556153915,"<edge id=""992534456#2"" from=""9168502958"" to=""9168502948""/>"
500 W / Cougar Blvd (SB),1.9443783973634934,"<edge id=""1018632398#8"" from=""9395375121"" to=""9395375122""/>"
500 W / 1050 N (SB),5.633064311075864,"<edge id=""1018632398#6"" from=""9395375120"" to=""6954105015""/>"
State St @ 1697 S,0.3725631142167031,"<edge id=""1072820356#9"" from=""9842640332"" to=""9842640361""/>"
1460 N / 1500 W (WB),2.679757544956202,"<edge id=""1124257393#14"" from=""10280960340"" to=""5257848588""/>"
900 E / 450 N (NB),2.6705820017334267,"<edge id=""864013086#2"" from=""1633420011"" to=""7011048576""/>"
Freedom Blvd / 1550 N (SB),3.2560690238413166,"<edge id=""1334321129#5"" from=""9396091908"" to=""9396091914""/>"
Freedom Blvd / Paul Ream Ave (SB),1.9093687824067924,"<edge id=""1018715179#1"" from=""9396091911"" to=""12344543205""/>"
University Ave / 450 S (NB),4.62990585185707,"<edge id=""721381112#7"" from=""6767945732"" to=""11762662529""/>"
University Ave / 300 S (NB),0.5120470189864256,"<edge id=""832629067#4"" from=""7773349443"" to=""7773349445""/>"
University Ave / 100 S (NB),2.4706963122123606,"<edge id=""832629240#2"" from=""5326357867"" to=""5326357870""/>"
400 E @ 245 N,7.182711806626017,"<edge id=""-1300052613#0"" from=""84848521"" to=""cluster_12041966149_12344600749_12344600750_84848517""/>"
500 W @ 852 N,5.257033535314748,"<edge id=""-812730512#0"" from=""9395375060"" to=""7011043142""/>"
500 W @ 1078 N,5.220166664724581,"<edge id=""1018632397#1"" from=""9395375107"" to=""9395375108""/>"
State St @ Cougar Blvd (NB),1.569894678271032,"<edge id=""1018715171#0"" from=""9396091863"" to=""9396091872""/>"
State St. @ Riverside Ave.,0.6785954454936824,"<edge id=""992327564#4"" from=""9168421166"" to=""9168421168""/>"
State St @ 1950 N (NB),1.2057768359934562,"<edge id=""1072820365#9"" from=""9842640420"" to=""9842640419""/>"
State St @ 1851 S,0.5919663875407926,"<edge id=""1072820365#7"" from=""9842640424"" to=""9842640422""/>"
500 W @ 508 N,4.515434065962349,"<edge id=""741971695#5"" from=""6945867772"" to=""6945867621""/>"
Center St @ 1767 W,2.1731615179141257,"<edge id=""1030578130#2"" from=""12029270793"" to=""9499823000""/>"
University Ave / 300 S (SB),3.2053131519082005,"<edge id=""117922102#1"" from=""cluster_11216197204_12246802185_12246802186_12246802193_#3more"" to=""cluster_12246802174_12246802175_12246802176_12246802177_#8more""/>"
400 S @ 195 E,6.487555995702652,"<edge id=""-684673715#5"" from=""84765508"" to=""12562504675""/>"
Main St @ 420 N,12.134486316857625,"<edge id=""933008271#1"" from=""12252192009"" to=""8648522494""/>"
Main St @ 670 N,10.381452500837526,"<edge id=""684673718#14"" from=""7011135265"" to=""1147519585""/>"
400 S @ 210 E,7.461235356073245,"<edge id=""684673715#6"" from=""84765508"" to=""7011080132""/>"
State St @ 2390 S,12.7823811446738,"<edge id=""933008263#11"" from=""84725141"" to=""84748126""/>"
Main St @ 900 N,2.079507889970325,"<edge id=""749762380#1"" from=""12252189968"" to=""cluster_7011135241_84846370""/>"
400 N @ 221 E,8.295591376496256,"<edge id=""-10226563#5"" from=""84857229"" to=""84857463""/>"
Main St @ 444 S,14.369908892782307,"<edge id=""933008290#2"" from=""7011165084"" to=""8648522513""/>"
400 N @ 110 E,6.793846910554471,"<edge id=""10226563#4"" from=""84742287"" to=""84857463""/>"
400 E @ 20 S,7.134239471360464,"<edge id=""10234072#0"" from=""84804092"" to=""84801409""/>"
400 E @ 390 S,12.041200053103314,"<edge id=""10234072#6"" from=""84819567"" to=""84765512""/>"
400 E @ 26 N,4.862550154093931,"<edge id=""684673716#0"" from=""84804092"" to=""84848513""/>"
800 E @ 558 N,1.8807565240450668,"<edge id=""997986131"" from=""9214783846"" to=""9214783847""/>"
Main St @ 295 S,4.988030518734248,"<edge id=""1036187184#2"" from=""9546549113"" to=""9546549114""/>"
Main St @ 87 S,2.431470759730369,"<edge id=""721284091#2"" from=""6791488339"" to=""6767268617""/>"
800 E / 700 N (SB),0.9798145235534597,"<edge id=""1037870380#3"" from=""cluster_6845577577_9559569084"" to=""9559569089""/>"
800 E @ 455 N,1.116187366661294,"<edge id=""1037842219#2"" from=""9559311555"" to=""9535662991""/>"
Main St @ 140 S,3.151921384799672,"<edge id=""1036189007#0"" from=""9546615157"" to=""9546615164""/>"
Main St @ 210 S,2.9489823637733936,"<edge id=""1056786151#1"" from=""9710510953"" to=""9710510954""/>"
800 E @ 450 N,3.158280260439164,"<edge id=""1037844185#2"" from=""9559332841"" to=""cluster_7190196467_7190196473_9559332835""/>"
100 N @ 30 W,3.0555860893422446,"<edge id=""832633741#0"" from=""7773405592"" to=""7773405595""/>"
100 N @ 280 W,3.3366640266798733,"<edge id=""832643483#2"" from=""8817629476"" to=""7773426493""/>"
100 N / 100 W (EB),0.7723341801879156,"<edge id=""741957424#2"" from=""cluster_5326135225_6945754614"" to=""6945739079""/>"
500 W @ 358 N,4.622742708417258,"<edge id=""1180691826#1"" from=""10965665923"" to=""4989908903""/>"
Expressway Ln @ 940 E,2.51136385651927,"<edge id=""1311314730#0"" from=""9559614537"" to=""12138230316""/>"
Expressway Lane @ 945 E,1.373640797568536,"<edge id=""1037876873#0"" from=""cluster_11158020948_6845546641"" to=""11158020939""/>"
Center St @ 630 E,3.23703679497601,"<edge id=""724179431"" from=""6791597780"" to=""6791597781""/>"
800 E @ 30 N,2.489962834985431,"<edge id=""-10236163#10"" from=""cluster_6791606121_6791606122_6791606123_6791606124_#1more"" to=""cluster_12656248749_12656248750_12656248751_84833521_#1more""/>"
800 E @ 190 N,0.38592531911089367,"<edge id=""1366567696#3"" from=""12656248752"" to=""12656250604""/>"
State Hwy @ 1150 N,3.8987733617355667,"<edge id=""1295802751"" from=""12007315444"" to=""cluster_12007315465_3331186620""/>"
800 S @ 947 W,1.680157350534556,"<edge id=""1366979978#1"" from=""12659486023"" to=""12659485922""/>"
State Rd @ 763 S,1.6398998870276793,"<edge id=""1367329583#1"" from=""12662737644"" to=""12662737600""/>"
100 N @ 444 E,1.1702836000849448,"<edge id=""1330730836#4"" from=""12312621529"" to=""12312621530""/>"
100 N @ 520 E,0.343607628567309,"<edge id=""465911688#6"" from=""4608150430"" to=""4608150426""/>"
100 N @ 640 E,0.14354584593171885,"<edge id=""1286051765#4"" from=""11929066342"" to=""4608150433""/>"
100 N @ 1020 E,1.7384532066295457,"<edge id=""466288210#0"" from=""4611229428"" to=""5772738290""/>"
Highway 198 @ 499 W,9.649510475367304,"<edge id=""933030941#2"" from=""84720573"" to=""8644116361""/>"
400 N @ 351 E,4.987977862970308,"<edge id=""-10226563#7"" from=""7166071132"" to=""84836388""/>"
Main St @ 195 S,4.773403476624675,"<edge id=""724180546#4"" from=""6791581862"" to=""7872292596""/>"
Geneva Rd @ 1161 S,5.833737302210458,"<edge id=""413212997#0"" from=""5264793430"" to=""7011087349""/>"
1200 W @ 1209 N,9.001408333866578,"<edge id=""-568219148#12"" from=""7192677618"" to=""cluster_84848832_9834702108""/>"
1200 W @ 1086 N,6.6631218544803295,"<edge id=""568219148#5"" from=""7613861763"" to=""7613861756""/>"
800 E @ 579 N,2.929906273712539,"<edge id=""471642100#1"" from=""4658031614"" to=""4658031617""/>"
800 E @ 574 N,1.0958700529897833,"<edge id=""472135449#1"" from=""7013559629"" to=""4663601334""/>"
University Ave / 900 S (SB),1.8884219545798655,"<edge id=""1030245375#5"" from=""9497005124"" to=""6767971526""/>"
Freedom Blvd / 300 N (NB),3.062934406716871,"<edge id=""727665706#0"" from=""6819241742"" to=""6819241751""/>"
State St / 900 W (WB),1.6049851820057364,"<edge id=""1173533029#0"" from=""10903728839"" to=""10903741164""/>"
University Ave / Paul Ream Ave (SB),2.4476099901749073,"<edge id=""1133980275#12"" from=""9396108760"" to=""6767983917""/>"
University Pkwy/University Ave (WB),3.230403106822153,"<edge id=""231738669#1"" from=""2400749476"" to=""2400749538""/>"
Freedom Blvd / 350 S (SB),3.773248659614885,"<edge id=""1336641036#0"" from=""7089453198"" to=""12363187981""/>"
1860 S @ 502 E,1.8434329742093962,"<edge id=""1349141699#0"" from=""6947631289"" to=""12479805019""/>"
University Ave / Paul Ream Ave (NB),0.9744500363790957,"<edge id=""1133980272#0"" from=""5257998040"" to=""10572177727""/>"
University Ave / 4800 N (SB),5.8256576052017905,"<edge id=""464123690"" from=""1250615435"" to=""1250615440""/>"
State St @ 200 N (NB),2.3683487348091146,"<edge id=""493721426#1"" from=""4856012019"" to=""cluster_4856012023_4856012024""/>"
University Ave / 4800 N (NB),1.2514539803701148,"<edge id=""566737515#5"" from=""5456989832"" to=""5456989841""/>"
East Bay Blvd @ 139 E,1.763152801516236,"<edge id=""1072423467"" from=""12479776898"" to=""9834460949""/>"
Freedom Blvd / 350 S (NB),1.6404853000932162,"<edge id=""-815131504#0"" from=""cluster_7613929316_7613929329"" to=""cluster_7162056344_7613929315""/>"
Main St @ 1056 S,0.4530422488919774,"<edge id=""543947173#0"" from=""5258168942"" to=""10981160223""/>"
Main St @ 931 S,7.095032942533065,"<edge id=""933026924#0"" from=""84793192"" to=""7115979528""/>"
Main St / 500 W (LDS Church P+R),No edge found,No edge found
400 S / 1350 W (WB),6.101287966644409,"<edge id=""914554992"" from=""8495667359"" to=""8495667374""/>"
400 S / 1350 W (EB),4.372728395648328,"<edge id=""-10229824#2"" from=""8495667359"" to=""8495667375""/>"
State Rd @ 1065 N,10.653383297452958,"<edge id=""-933972044#3"" from=""84765831"" to=""7589030668""/>"
800 E @ 984 N,1.0100535928476795,"<edge id=""1311111640"" from=""12058644778"" to=""12136448503""/>"
100 W @ 420 S,6.5522040299452025,"<edge id=""-97124322#8"" from=""cluster_12662737792_12662737793_12662737794_84869328"" to=""84874690""/>"
Highway 198 @ 380 N,10.84776547172524,"<edge id=""933972046#2"" from=""8193516892"" to=""8648689409""/>"
Freedom Blvd / 300 N (SB),1.9851672932947597,"<edge id=""727665705#1"" from=""7282078898"" to=""9395337082""/>"
Redwood Rd @ 1461 N,No edge found,No edge found
Center St @ 875 W,3.9933904888421567,"<edge id=""1192673079#1"" from=""cluster_5662692609_5662692615_9499823060_9499823068_#3more"" to=""12062541021""/>"
500 W @ 344 S,7.64766271223399,"<edge id=""1336641705"" from=""12363180999"" to=""12363181000""/>"
920 S @ 471 W,2.1812644400692873,"<edge id=""1342526133#3"" from=""12421508256"" to=""cluster_12421508275_84714504""/>"
500 W @ 897 S,3.5562263532222222,"<edge id=""491014583#4"" from=""4831796355"" to=""12421508278""/>"
500 W @ 281 S,5.3757269135421835,"<edge id=""-10231591#8"" from=""cluster_11222646238_11222646239_6935874471_7089292059_#1more"" to=""12151116035""/>"
Center St @ 548 W,0.6446760537707554,"<edge id=""832644199#2"" from=""7773474790"" to=""5326357832""/>"
Center St @ 970 W,3.5810806477294466,"<edge id=""1030578139#1"" from=""9499823024"" to=""9499823023""/>"
Lakeview Pkwy / Mike Jense Pkwy,3.5514914924152117,"<edge id=""1031006750#11"" from=""cluster_5537024579_9503426635_9503426636"" to=""cluster_9499917716_9503426532_9503426683""/>"
UVU Testing Services (EB),1.2919428208516177,"<edge id=""624249163#1"" from=""cluster_4705649040_9499554054"" to=""5894799428""/>"
UVU McKay Education Building (EB),1.5077572922033942,"<edge id=""624249153"" from=""5894799406"" to=""5894799410""/>"
Center St @ 2906 W,1.8085331253776356,"<edge id=""1225108307#5"" from=""cluster_12027590283_12027590287_12027590288_5394518819"" to=""cluster_5394508330_5605487818_5605487949""/>"
700 N / 600 E (WB),0.7198130761239356,"<edge id=""1018717008#0"" from=""7008437155"" to=""7008437164""/>"
700 N / 200 E (WB),3.145308325737192,"<edge id=""1018580823#3"" from=""7008437124"" to=""9394927860""/>"
University Ave / Cougar Blvd (NB),1.8961122952464347,"<edge id=""932976227#0"" from=""7072046968"" to=""7072046976""/>"
100 E @ 1446 N,0.6449224154734128,"<edge id=""1371217432#2"" from=""9889997032"" to=""9889997059""/>"
100 E @ 1453 N,0.23078514189159638,"<edge id=""1078840422#3"" from=""4415575856"" to=""7415301640""/>"
Main St / Center St (EB),No edge found,No edge found
980 W @ 919 N,3.6584228479216967,"<edge id=""464175733#0"" from=""4593187153"" to=""4593187707""/>"
1200 W @ 1448 N,1.8399779049599236,"<edge id=""1071770901#0"" from=""9834702194"" to=""9834702165""/>"
400 E @ 210 N,6.517931175252205,"<edge id=""1300052614#1"" from=""cluster_12041966149_12344600749_12344600750_84848517"" to=""84848521""/>"
State St / Lindon Center St (SB),2.0149974665900907,"<edge id=""1173531253#1"" from=""cluster_10098063061_10903740769_395046298_84748021_#1more"" to=""10903740798""/>"
300 S / 200 E (EB),2.375143894249887,"<edge id=""857228221#5"" from=""7992326082"" to=""7992375787""/>"
UVU Station,2.1264851638406452,"<edge id=""607472135#0"" from=""5757064438"" to=""5757064450""/>"
UVU Station,0.24810312981652458,"<edge id=""477393514"" from=""84071420"" to=""cluster_4707569540_6229734456""/>"
Ashton Blvd / 1800 W (WB),4.180199806042912,"<edge id=""231366549#2"" from=""432782032"" to=""8253769000""/>"
Center Street Station,1.2759696688340767,"<edge id=""741957439"" from=""6945754737"" to=""605205962""/>"
Center St / 400 E (WB),1.7977203429521513,"<edge id=""481604605#16"" from=""4745161879"" to=""4745161880""/>"
Center St / 400 E (EB),2.5216217256823934,"<edge id=""538821983#0"" from=""5214870162"" to=""5214870163""/>"
Triumph Blvd / 3400 N (NB),9.395540795015318,"<edge id=""-548611164#4"" from=""cluster_6787773554_7122227941"" to=""6787773559""/>"
Provo Central Station (Bay J),6.283739190047538,"<edge id=""1225107993#1"" from=""5388433966"" to=""2396515832""/>"
Triumph Blvd / Ridge Dr (SB),5.465062913480696,"<edge id=""684661257#0"" from=""5583628725"" to=""cluster_10276306216_10276306217_10276306218_6032223092""/>"
Triumph Blvd / Ridge Dr (NB),8.998633221298094,"<edge id=""-548611164#6"" from=""5583628725"" to=""cluster_6787773554_7122227941""/>"
Mill Rd @ 267 N,1.4085065250135667,"<edge id=""608405671#2"" from=""cluster_5159021682_5159021683_6638252774_9155790742"" to=""12270370240""/>"
Mill Rd @ 238 N,0.25645634132577766,"<edge id=""990914353#4"" from=""cluster_3807791749_7154682833_9155790737_9155790754"" to=""cluster_5159021682_5159021683_6638252774_9155790742""/>"
State St @ Lindon Center St. (NB),1.8814947793303132,"<edge id=""1074082061#4"" from=""9852183544"" to=""9852183556""/>"
State  St @ 198 N,1.1398037125444267,"<edge id=""1173137762#2"" from=""8669823226"" to=""cluster_10900192330_7147880902_7147880903""/>"
1600 N @ 278 W,0.6885840432076964,"<edge id=""1075040987#70"" from=""11745829409"" to=""9859911037""/>"
1600 N @ 460 W,0.21153013021987238,"<edge id=""1075043024#2"" from=""cluster_10565005367_9859930697"" to=""9859930682""/>"
1600 N @ 1035 W,1.305482810936733,"<edge id=""1071770922#0"" from=""9834702453"" to=""9834702460""/>"
Main St / 1820 S (SB),11.20986812716656,"<edge id=""-10248521#1"" from=""cluster_84866294_9850949418"" to=""84767875""/>"
Main St / 2000 S (SB),4.060453009199078,"<edge id=""-1298202269#2"" from=""cluster_84937949_9850949461_9850949462"" to=""5110005881""/>"
1460 N / 1900 W (WB),7.545011275126191,"<edge id=""10241074#6"" from=""7168734910"" to=""84845213""/>"
University Ave / 960 N (SB),6.174150634714431,"<edge id=""1336624624#2"" from=""9395374977"" to=""6767965771""/>"
East Bay North Station,1.8404044928345884,"<edge id=""1071738414#0"" from=""9834460952"" to=""12479810502""/>"
East Bay South Station,1.1231157020036466,"<edge id=""45055159#2"" from=""571328206"" to=""571328222""/>"
University Pkwy / 400 W (EB),2.431196884763904,"<edge id=""690034228#3"" from=""6823121249"" to=""7014171620""/>"
University Place Station,3.510878248588558,"<edge id=""884914055#16"" from=""11837385981"" to=""cluster_2542425285_5984890923_5984890924_84747966_#16more""/>"
University Pkwy / 2230 N (SB),2.1370430285381503,"<edge id=""992338534#9"" from=""12517778289"" to=""9168511350""/>"
BYU South Campus Station,1.6682473734606516,"<edge id=""1030541357#7"" from=""12432023932"" to=""9569245127""/>"
State St @ 1150 S,1.304704750327499,"<edge id=""1174678855#1"" from=""10915211703"" to=""9850890771""/>"
1200 W @ 660 N,0.74191968849796,"<edge id=""464183769#2"" from=""4593261326"" to=""4593261320""/>"
1200 W @ 1320 N,0.22812391277784144,"<edge id=""1071770889#3"" from=""9834702123"" to=""9834702110""/>"
1720 N / 550 W (WB),1.6199898969405826,"<edge id=""992327555#3"" from=""9168421066"" to=""9168421192""/>"
800 E @ 1169 S,1.5245952419223399,"<edge id=""1035854987#4"" from=""9543811211"" to=""cluster_6776850391_9543811205""/>"
State St / University Pkwy (SB),2.6110707664311406,"<edge id=""1174678866#1"" from=""10915219597"" to=""cluster_10915219602_6333453795""/>"
State St / 1500 S (SB),1.1586329312967512,"<edge id=""1174678870#13"" from=""10915219636"" to=""cluster_10915219638_7984914673""/>"
700 N / 600 E (EB),3.0167698604726865,"<edge id=""157877388#7"" from=""1701168414"" to=""1701168417""/>"
550 W / University Pkwy (NB),0.2295833073507909,"<edge id=""992338534#6"" from=""cluster_7011154658_9168511338"" to=""cluster_84768501_9168511339""/>"
800 E / 1150 S (SB),1.4095456415293317,"<edge id=""1303068115"" from=""9543811219"" to=""9543811233""/>"
300 S / 400 E (WB),3.517502559569833,"<edge id=""10246251#1"" from=""cluster_6934217555_7221540122_84871304_9576897603_#4more"" to=""cluster_7592100461_9742025538""/>"
500 W / 200 N (NB),7.5311053112223885,"<edge id=""816689129#3"" from=""11096417478"" to=""7069121306""/>"
900 E / 300 N (SB),1.7090626927690697,"<edge id=""1125288753#1"" from=""10290407831"" to=""10290407833""/>"
900 E / 200 N (SB),0.08711966432946841,"<edge id=""1323777530#3"" from=""12249824667"" to=""12249824689""/>"
900 E / Center St (SB),0.3078074232493902,"<edge id=""148015893#1"" from=""12249824635"" to=""5326357991""/>"
900 E / 50 S (SB),4.235562294886632,"<edge id=""553145887#1"" from=""5339842084"" to=""5339842085""/>"
900 E @ 390 S,9.33085916661779,"<edge id=""413237550#3"" from=""84855596"" to=""84765483""/>"
900 E @ 534 S,9.936620075198636,"<edge id=""413237550#8"" from=""7115888779"" to=""7011034974""/>"
100 N @ 875 E,0.283355255592906,"<edge id=""1367398839"" from=""12663379463"" to=""12663379780""/>"
100 N @ 601 E,0.3532112044228267,"<edge id=""1286051768#1"" from=""11929088280"" to=""4608150432""/>"
Highway 198 @ 502 W,4.961957677916675,"<edge id=""-933030941#1"" from=""84720573"" to=""8644116360""/>"
1460 N / 1220 W (EB),2.4683986320016236,"<edge id=""-885055009#7"" from=""84852479"" to=""84793454""/>"
1460 N / 1220 W (WB),5.77124134563727,"<edge id=""885055009#6"" from=""7013178089"" to=""84793454""/>"
Center St @ 2084 W,1.9823213267023732,"<edge id=""1298555616#1"" from=""12029271356"" to=""12029271086""/>"
University Pkwy / 200 W (WB),2.296572196376414,"<edge id=""1227708831#1"" from=""11384909276"" to=""11386675022""/>"
UVU Fulton Library (WB),1.9351715686965694,"<edge id=""-346646696#0"" from=""9496951324"" to=""6415198811""/>"
State St / 1600 S (SB),2.9542194332095972,"<edge id=""1072008829#1"" from=""9836511126"" to=""9836511127""/>"
Main St @ 1456 N,1.185813018700561,"<edge id=""1324024437#1"" from=""12252017266"" to=""12252017265""/>"
Lehi Station (Bay B),3.4788286606540617,"<edge id=""1064115611#1"" from=""cluster_5363849931_9773353032"" to=""2991201830""/>"
Lehi Station (Bay E),3.5835725331033506,"<edge id=""1064115617#1"" from=""9773353056"" to=""9773353059""/>"
Provo Central Station (Bay A),3.6433069983987627,"<edge id=""558675799#2"" from=""5388433973"" to=""5388433962""/>"
State St @ 1090 S,2.6766889203553847,"<edge id=""-749750736#0"" from=""7011052814"" to=""7011052801""/>"
Orem Central Station (Bay F),5.938359062218294,"<edge id=""463704557#1"" from=""cluster_10032465996_3531582876"" to=""12270323120""/>"
500 W / 940 N (SB),6.122388367624868,"<edge id=""876250999#10"" from=""8155410607"" to=""8155410610""/>"
800 S @ 996 W,1.0987701458415051,"<edge id=""1366979962#2"" from=""12659485923"" to=""12659486087""/>"
800 S / State St (EB),2.1474367683040305,"<edge id=""1174678857#3"" from=""cluster_10915219520_7014227392"" to=""9845401379""/>"
State St @ Grandview Ln. (NB),0.43268983678469397,"<edge id=""1020887668#2"" from=""9415827057"" to=""9415827030""/>"
Center St @ 369 E,4.709905988021469,"<edge id=""724181191#1"" from=""7611649974"" to=""6767357652""/>"
Center St @ 745 E,6.179679311372799,"<edge id=""10236163#10"" from=""cluster_12656248749_12656248750_12656248751_84833521_#1more"" to=""cluster_6791606121_6791606122_6791606123_6791606124_#1more""/>"
800 E @ 525 S,0.01706155836762706,"<edge id=""719366699#9"" from=""cluster_6753373935_6753373959"" to=""6753373951""/>"
500 W @ 988 N,4.5288370533138265,"<edge id=""1018632397#0"" from=""9395375082"" to=""9395375107""/>"
1200 W @ 1465 N,4.957389399845269,"<edge id=""-568219148#19"" from=""84880487"" to=""7011178880""/>"
State St / 600 N (SB),2.004794659197317,"<edge id=""465183714#8"" from=""7011028652"" to=""7011057370""/>"
State St / 200 S (SB),2.7908010970411485,"<edge id=""1174678135#1"" from=""10915213097"" to=""5798585226""/>"
1200 W @ 1575 N,7.532593441951365,"<edge id=""-568219148#24"" from=""cluster_84779152_9815052554_9815052555_9815052556_#1more"" to=""316293773""/>"
1600 N @ 381 E,0.605162479901904,"<edge id=""913301101#15"" from=""2906118736"" to=""9859009946""/>"
800 E / 800 N (SB),0.744582309844234,"<edge id=""471642077#12"" from=""4658031385"" to=""4658031491""/>"
UVU Station (Adjacent bus stop WB),0.7634415858217531,"<edge id=""607472135#0"" from=""5757064438"" to=""5757064450""/>"
1430 S / Sandhill Rd (EB),4.104342133597706,"<edge id=""1124249292#0"" from=""10280894031"" to=""10280894017""/>"
1430 S / 550 W (EB),3.3875817928975747,"<edge id=""-723734802#0"" from=""6787790106"" to=""4727117844""/>"
800 E @ 225 S,0.9113273630039156,"<edge id=""554937859#8"" from=""9543826111"" to=""cluster_5355007706_5657039840""/>"
2230 N / 350 W (EB),1.5881757262757141,"<edge id=""-1030777448#5"" from=""9501445745"" to=""cluster_10680755767_2959482331""/>"
2230 N / Freedom Blvd (WB),0.25246248746307337,"<edge id=""1124257422#3"" from=""10682177806"" to=""cluster_10280960502_10280960503_10280960504_10680755869_#3more""/>"
2230 N / 400 W (WB),1.385974608956789,"<edge id=""1148104493#2"" from=""12517768909"" to=""10682177782""/>"
State St @ 800 S (NB),0.8611704666365821,"<edge id=""721740176#2"" from=""6770505761"" to=""cluster_6770512999_6770513020""/>"
University Ave / 700 N (NB),4.011292603073798,"<edge id=""721381795#12"" from=""7008640634"" to=""9488373512""/>"
University Ave / 960 N (NB),4.765109810638379,"<edge id=""721381803#1"" from=""6767965779"" to=""6767965770""/>"
900 E @ 591 S,6.044261339427004,"<edge id=""-413237550#10"" from=""84748049"" to=""7984963491""/>"
University Ave / Towne Centre (NB),4.595898376714238,"<edge id=""45055154#8"" from=""9837117973"" to=""7013120589""/>"
University Ave / 900 S (NB),0.07866288532066412,"<edge id=""721380520#1"" from=""7013118268"" to=""8682432457""/>"
University Ave / 1000 S (SB),1.3307746831205804,"<edge id=""1337009041#11"" from=""7127966023"" to=""12366548633""/>"
University Ave / Towne Centre (SB),0.5605775342138197,"<edge id=""1337009041#18"" from=""12366548627"" to=""cluster_12366548626_5172421558""/>"
400 N @ 22 E,3.2073019614594944,"<edge id=""10226563#1"" from=""cluster_12252192007_12252192008_12252192010_84721623"" to=""7011216454""/>"
400 N @ 220 E,3.938431553874411,"<edge id=""10226563#5"" from=""84857463"" to=""84857229""/>"
500 W / 500 N (SB),4.4658356686643,"<edge id=""1018716046#0"" from=""9396101676"" to=""9396101684""/>"
900 E / 300 S (NB),5.10714529292684,"<edge id=""-10238463#6"" from=""cluster_12283619948_12283619949_12283619950_12283619951_#1more"" to=""1028524822""/>"
800 E @ 680 N,1.040132906105229,"<edge id=""1038385543"" from=""9563660882"" to=""9563660893""/>"
800 E @ 985 N,4.747058214371711,"<edge id=""-684690130#6"" from=""949250945"" to=""cluster_429725307_84716114""/>"
East Bay Blvd @ 126 E,1.4975363782217792,"<edge id=""1071738414#0"" from=""9834460952"" to=""12479810502""/>"
State St / 200 N (SB),0.9761570384100572,"<edge id=""-1123750912#0"" from=""2387891723"" to=""8669823240""/>"
1600 N @ 84 W,0.8481020203963826,"<edge id=""1075040953#3"" from=""9859906576"" to=""9834786462""/>"
UVU Institute (EB),0.2602871503476895,"<edge id=""607472081#3"" from=""5757063997"" to=""5757064008""/>"
State St @ 830 N,0.879496040007607,"<edge id=""1002096097#2"" from=""cluster_2382750896_9248737353"" to=""9248737351""/>"
500 W / 800 N (SB),3.7698344158345396,"<edge id=""1202939340#14"" from=""10915219728"" to=""11151557363""/>"
900 E / 300 N (NB),2.316909944566916,"<edge id=""1125288738#5"" from=""10290385456"" to=""10290385471""/>"
Sandhill Rd / 1350 S (NB),8.026843219301888,"<edge id=""-230345099#1"" from=""84783315"" to=""84582586""/>"
100 W @ 685 S,6.693734178904191,"<edge id=""97124322#0"" from=""84874677"" to=""8682889686""/>"
State St @ 1801 S,1.864247016901257,"<edge id=""1124305161#4"" from=""10281359618"" to=""10281359613""/>"
Main St @ 865 N,12.637383903327557,"<edge id=""-684673718#25"" from=""cluster_12252189965_12252189970_12252189973_84846373"" to=""cluster_7011135241_84846370""/>"
900 N / 800 E (WB) for BYU S Campus,1.7753948347443982,"<edge id=""151112690#2"" from=""9335429404"" to=""cluster_7069533618_7851839026_9246818085_9499456162""/>"
1860 S @ 483 E,1.3619076043561416,"<edge id=""1349143450#1"" from=""12479818936"" to=""12479818935""/>"
Main St @ 451 S,9.737194501660754,"<edge id=""-619447601#1"" from=""7011174093"" to=""7111673663""/>"
Main Street Station,0.3276779593183686,"<edge id=""1036894568"" from=""9552506382"" to=""9552506383""/>"
1600 N @ 436 E,1.001553302502911,"<edge id=""1268833781#1"" from=""cluster_11784653581_953929277"" to=""2906118729""/>"
100 N @ 273 W,2.0264616539016744,"<edge id=""1340666765#1"" from=""cluster_5326357853_5326357854"" to=""7773422411""/>"
River Park Dr / Edgewood Dr (EB),0.7659053638422291,"<edge id=""566737979"" from=""1250615328"" to=""cluster_5456980472_6195412823_7395615317_7395615318_#1more""/>"
1600 N @ 694 E,1.6658358313428514,"<edge id=""1268833781#0"" from=""11784653570"" to=""cluster_11784653581_953929277""/>"
550 W / 1800 N (SB),0.9801021961173354,"<edge id=""1327696637#1"" from=""12283546313"" to=""12283546316""/>"
800 E @ 905 S,4.499885157332911,"<edge id=""1035854989#9"" from=""9543795148"" to=""9543811076""/>"
800 E @ 775 S,6.2423513428729995,"<edge id=""882169345#3"" from=""8203950070"" to=""8203950063""/>"
University Ave / Center St (SB),2.2111884042210717,"<edge id=""517707070#18"" from=""5051580279"" to=""5051580063""/>"
State St @ 1600 S. (SB),1.354374616249881,"<edge id=""1072820368#11"" from=""cluster_7144713446_9842640454"" to=""9836511117""/>"
State St @ University Pkwy. (NB),1.2875304081880181,"<edge id=""1303844303#1"" from=""cluster_5984890925_9842603791"" to=""cluster_5984890926_9842603792""/>"
400 N @ 340 E,8.124984260622162,"<edge id=""10226563#8"" from=""7166071132"" to=""84848522""/>"
900 E / Center St (NB),0.48315592087800247,"<edge id=""1323777521#0"" from=""5581608014"" to=""12249824640""/>"
State St @ 1449 S,2.6934674697568104,"<edge id=""1124305161#0"" from=""10281359566"" to=""7014578247""/>"
Main St @ 318 S,1.8240599462624087,"<edge id=""1056782276#1"" from=""9710482138"" to=""9710482147""/>"
Center St @ 46 E,2.0852409347363006,"<edge id=""721284091#7"" from=""6767268628"" to=""4581289151""/>"
Center St @ 370 E,3.6549663082894295,"<edge id=""721286822#4"" from=""6767357648"" to=""6767321587""/>"
Center St @ 139 E,4.517954026238882,"<edge id=""724181188#0"" from=""6767268636"" to=""6767268663""/>"
800 E @ 185 N,0.3699288924561707,"<edge id=""1366567698#3"" from=""12656248756"" to=""12656248748""/>"
Center St @ 621 E,5.2447545640408455,"<edge id=""724179416#1"" from=""6791597782"" to=""6791597774""/>"
State Rd @ 742 S,1.0620269805187588,"<edge id=""1367329578#4"" from=""12662737593"" to=""12662737614""/>"
Highway 198 @ 1902 W,10.858347495355474,"<edge id=""-933030945#0"" from=""7611353462"" to=""84634251""/>"
Highway 198 @ 2349 W,12.97402419939497,"<edge id=""32893453#3"" from=""7984808432"" to=""7984808438""/>"
State Rd @ 2192 W,12.619198840734212,"<edge id=""-32893453#4"" from=""8648757678"" to=""7984808438""/>"
100 N @ 40 E,0.5171670894786023,"<edge id=""1367398808#12"" from=""12663353857"" to=""4610857109""/>"
Pony Express Pky @ 3917 E,No edge found,No edge found
Pony Express Pky  @ 3916 E,No edge found,No edge found
Hwy 198 @ 21 S,9.265333445095042,"<edge id=""-933030940"" from=""84846317"" to=""8648757673""/>"
State St @ 1049 S,3.214379921463904,"<edge id=""-1354556289#2"" from=""10281359310"" to=""10281359329""/>"
Ashton Blvd / 1800 W (EB),9.031170402969718,"<edge id=""-231366549#2"" from=""8253769000"" to=""432782032""/>"
Cabela's Blvd / Outlet Pkwy (EB),3.805797599736064,"<edge id=""306787686#4"" from=""5480832592"" to=""cluster_11954193991_5480831386_5480831387""/>"
500 W @ 118 S,6.998246495951856,"<edge id=""832645164#2"" from=""7773477199"" to=""6938279970""/>"
300 S / State St (EB),5.329765579728163,"<edge id=""567917981#2"" from=""7011071107"" to=""7011071097""/>"
400 E @ 175 S,3.0341310400037744,"<edge id=""-10234072#2"" from=""84819562"" to=""84801340""/>"
Center St / 150 E (EB),2.726840231812454,"<edge id=""1072346204#1"" from=""9839109781"" to=""9839109784""/>"
Center St / 150 E (WB),2.3229809852132934,"<edge id=""1085631105#0"" from=""9839109856"" to=""7040959999""/>"
Center St / 600 W (EB),1.6412456266786135,"<edge id=""472816663#1"" from=""4992387817"" to=""5171485885""/>"
Center St / 600 W (WB),2.305983182246919,"<edge id=""525652982#1"" from=""5171485879"" to=""5113258798""/>"
Center St / Orem Blvd (WB),2.204202469106206,"<edge id=""494440755#5"" from=""7011016282"" to=""12533412324""/>"
Center St / State St (EB),0.5098715656572294,"<edge id=""535700488#0"" from=""5191594315"" to=""cluster_5191597785_8410497173""/>"
Main St / Vineyard Loop Rd (NB),0.8809192780163504,"<edge id=""1205641791#5"" from=""11245029125"" to=""5272739449""/>"
Main St / Vineyard Loop Rd (SB),1.7314654149580666,"<edge id=""1212636716#0"" from=""11234854125"" to=""11234854135""/>"
State St / 700 E (WB),4.791318564586024,"<edge id=""298119517#5"" from=""3020210040"" to=""7011222811""/>"
State Hwy @ 1793 S,5.9402791686747625,"<edge id=""-10240820#5"" from=""84375796"" to=""84874162""/>"
Geneva Rd / 800 S (SB),3.1114665175944407,"<edge id=""1087041575#0"" from=""9960033355"" to=""9960033339""/>"
Geneva Rd @ 26 S,2.1216501598186803,"<edge id=""531732570#2"" from=""5784529754"" to=""5161240571""/>"
Mill Rd / Geneva Rd (WB),3.323960692689521,"<edge id=""531732567#0"" from=""12270370261"" to=""6638252771""/>"
100 E @ 2148 N,7.4658598981504865,"<edge id=""756120683#3"" from=""7843488964"" to=""84727772""/>"
11000 N @ 5800 W,3.1584505822198192,"<edge id=""1318952224#1"" from=""9945424934"" to=""9945464001""/>"
11000 N @ 5799 W,2.1559240615388258,"<edge id=""1318952227"" from=""9842603681"" to=""9842603644""/>"
11000 N @ 6350 W,9.193438134542381,"<edge id=""-1225016890#1"" from=""cluster_3117889399_84710345"" to=""cluster_84844970_9842213750_9842213751_9842213752_#1more""/>"
State Hwy @ 1796 S,13.64809207886467,"<edge id=""10240820#5"" from=""84874162"" to=""84375796""/>"
Freedom Blvd / Paul Ream Ave (NB),3.743770424065867,"<edge id=""1018716059#4"" from=""9396108767"" to=""cluster_7311283614_9396108766""/>"
1600 N @ 567 E,0.7017476132576198,"<edge id=""1300962907#0"" from=""12049829943"" to=""cluster_11784592686_11784592687""/>"
1600 N @ 152 E,0.927195668449926,"<edge id=""1316313180#0"" from=""12183447961"" to=""cluster_12183448058_7281944133""/>"
1600 N @ 695 E,0.6648612514986137,"<edge id=""1300834875#1"" from=""12048722493"" to=""12048722474""/>"
Express Way Lane @ 1212 E,3.1433120640392422,"<edge id=""-10224670#4"" from=""84719051"" to=""9177262642""/>"
11000 N @ 6351 W,1.0483773508098273,"<edge id=""1072763476#2"" from=""9842213727"" to=""9842213747""/>"
State St / 800 N (SB),2.5426271173956603,"<edge id=""465001920#4"" from=""cluster_4600333286_5767836050"" to=""8502331864""/>"
800 E @ 624 S,0.5739372605725785,"<edge id=""882833784#9"" from=""8210159425"" to=""8210159399""/>"
Hwy 198 @ 742 N,7.592220577114083,"<edge id=""933026942#4"" from=""11980470703"" to=""2625052457""/>"
Hwy 198 @ 741 N,11.842050846737678,"<edge id=""-933026942#4"" from=""2625052457"" to=""11980470703""/>"
300 W / 4900 N (NB),1.6161420131153055,"<edge id=""-10226514#5"" from=""2303359557"" to=""3714656114""/>"
1200 W @ 251 S,0.6983669487471154,"<edge id=""531995518#1"" from=""5163332014"" to=""9888587258""/>"
1200 W @ 148 N,5.190471478816833,"<edge id=""45877227#6"" from=""10233050631"" to=""cluster_5117868681_84902958_84925886""/>"
1200 W @ 720 N,2.1352481654667077,"<edge id=""464162707#1"" from=""4593080744"" to=""12062121791""/>"
1200 W @ 759 N,1.5019904966167048,"<edge id=""464163606#2"" from=""4593086522"" to=""cluster_12062121790_306294793""/>"
1200 W @ 361 N,0.7145703891494726,"<edge id=""464158459#4"" from=""4593049703"" to=""1080741819""/>"
Orem Central Station (Bay A),0.11061749166476498,"<edge id=""1326180657#1"" from=""12270323120"" to=""12270323119""/>"
Orem Central Station (Bay E),7.091280882276852,"<edge id=""1225221152#1"" from=""12270323120"" to=""cluster_10032465990_2678017061""/>"
Provo Central Station (Bay D),2.1997501732008433,"<edge id=""558675799#3"" from=""5388433962"" to=""5388433912""/>"
Provo Central Station (Bay B),3.968639118942823,"<edge id=""558675799#3"" from=""5388433962"" to=""5388433912""/>"
Provo Central Station (Bay L),3.971556380359829,"<edge id=""558675816#2"" from=""5388434035"" to=""5388433991""/>"
Provo Central Station (Bay M),2.516354488292791,"<edge id=""558675816#2"" from=""5388434035"" to=""5388433991""/>"
Provo Central Station (Bay N),2.7825290152960305,"<edge id=""558675816#3"" from=""5388433991"" to=""5388433997""/>"
Provo Central Station (Bay C),4.998059422274407,"<edge id=""558675799#3"" from=""5388433962"" to=""5388433912""/>"
Lehi Station (Bay F),3.2912197707051463,"<edge id=""1064115617#1"" from=""9773353056"" to=""9773353059""/>"
Lehi Station (Bay A),4.586701485917193,"<edge id=""231250765"" from=""2396578872"" to=""cluster_2396578848_9773353061""/>"
Center St / 1200 W (EB),3.3433271886455755,"<edge id=""531995508#2"" from=""9888627401"" to=""5767888273""/>"
State St / 600 E (EB),1.0778318680417016,"<edge id=""1066305771#3"" from=""9791741072"" to=""cluster_7013284245_9791741073""/>"
100 W @ 170 S,6.189765623230689,"<edge id=""-97124322#15"" from=""12662737932"" to=""84716576""/>"
State St / 1600 N (SB),10.976558838631856,"<edge id=""-229715468#22"" from=""6902929348"" to=""7011097472""/>"
UVU Fulton Library (EB),3.228285050425266,"<edge id=""466490021#1"" from=""5757064130"" to=""5764891572""/>"
State St / Lehi Main St (EB),2.7714416344570503,"<edge id=""1174678107"" from=""10915212753"" to=""10915212756""/>"
State St / 100 E (EB),3.0233030500828018,"<edge id=""1174678094#5"" from=""7011575616"" to=""10915212659""/>"
Main St / Center St (WB),No edge found,No edge found
Main St / 400 E (WB),No edge found,No edge found
Mill Rd / Center St (EB),2.3048592884714845,"<edge id=""1326185527#1"" from=""cluster_5159211695_9155790721"" to=""12270370258""/>"
1200 W @ 404 N,0.515504395816352,"<edge id=""464203183#1"" from=""7987083880"" to=""12061840632""/>"
800 E @ 838 N,0.7455311226287396,"<edge id=""1284979501"" from=""9868893029"" to=""8487058327""/>"
800 E @ 412 N,2.283738692562576,"<edge id=""472200342#27"" from=""cluster_11766775402_11766775403"" to=""11369747953""/>"
Freedom Blvd / 500 N (SB),3.8246639431708966,"<edge id=""1018715200#8"" from=""9396099598"" to=""9396099593""/>"
Sparrowhawk Way @ 7746 N,No edge found,No edge found
Harvest Hills Blvd @ 478 W,No edge found,No edge found
State St / 1500 N (EB),0.4192942424327849,"<edge id=""667765155#5"" from=""10915212609"" to=""10915212616""/>"
State St. @ 2931 S,11.420592994565801,"<edge id=""933008265"" from=""5567653562"" to=""84653771""/>"
2600 N @ 556 W,2.622232346506608,"<edge id=""927274470#3"" from=""8603457939"" to=""8603457942""/>"
Mt Timpanogos Blvd @ 899 N,3.6703452017447655,"<edge id=""1316567247"" from=""12185372587"" to=""12185372619""/>"
Mt Timpanogos Blvd @ 898 N,4.358215590090476,"<edge id=""650693583#12"" from=""6103617552"" to=""6103617553""/>"
4800 W @ 10892 N,1.922777937496117,"<edge id=""1322000115#0"" from=""11230196536"" to=""10274407744""/>"
State St / 1870 N (WB),2.123058492851899,"<edge id=""1174678080#0"" from=""10915195987"" to=""10915195994""/>"
State St / 1870 N (EB),1.2072451054584288,"<edge id=""1174678092#1"" from=""10915212637"" to=""10915212650""/>"
State St / Pacific Dr. (NB),1.7393656065101333,"<edge id=""1173533033#1"" from=""cluster_10903728898_7011180533"" to=""10903728901""/>"
State St / Lehi Main St (WB),6.226416757574905,"<edge id=""-298119517#7"" from=""308036084"" to=""cluster_3020210037_7606567545_7606567548""/>"
920 S @ 328 W,2.3000004208213536,"<edge id=""491014583#6"" from=""4989956449"" to=""cluster_12421508274_7089453240_84714511_84865258""/>"
Freedom Blvd / Cougar Blvd (SB),1.8075716486427997,"<edge id=""1018632374#0"" from=""6960420907"" to=""9395374988""/>"
1200 W @ 117 N,0.09181233660397999,"<edge id=""526240481#9"" from=""cluster_5117868681_84902958_84925886"" to=""cluster_5115660355_957769129_9888627479""/>"
State St / 300 W (WB),0.23077774175247548,"<edge id=""1123690549#2"" from=""9851297485"" to=""9851798526""/>"
State St @ 300 E (WB),2.134857275425887,"<edge id=""1035187761#5"" from=""9535623521"" to=""cluster_7571930604_9535623523""/>"
800 E @ 24 N,1.6065618122253777,"<edge id=""1071783095#1"" from=""cluster_6958053274_84774097_84833554"" to=""4592975646""/>"
1200 W @ 1222 N,0.318151342983959,"<edge id=""1071770886#1"" from=""9834702095"" to=""9834702109""/>"
Freedom Blvd / 800 N (SB),3.650827173052406,"<edge id=""741971686#7"" from=""6946068963"" to=""6946068896""/>"
Freedom Blvd / 100 N (SB),2.952600363826982,"<edge id=""832638422#0"" from=""5326313381"" to=""12547989900""/>"
Freedom Blvd / 100 S (NB),0.3596358940346359,"<edge id=""517707070#8"" from=""5051580067"" to=""5404792834""/>"
University Ave / 3300 N (NB),5.498888846400946,"<edge id=""660600086#3"" from=""6184928434"" to=""cluster_6767991926_84828853""/>"
4800 West @ 10080 N,3.38737583221483,"<edge id=""-229203440#14"" from=""9834802282"" to=""1156890288""/>"
Wolverine Crossing (EB),3.303771461345885,"<edge id=""1095496272#0"" from=""10032467919"" to=""cluster_10032467916_5264793359""/>"
Wolverine Crossing (WB),2.048203309187206,"<edge id=""1095496270"" from=""10032467877"" to=""cluster_10032402070_10032467869_2678017059""/>"
State St / 300 W (EB),0.49516237628266063,"<edge id=""1074037120#3"" from=""11036226287"" to=""9851297487""/>"
1600 N @ 568 E,1.3019236478780563,"<edge id=""1268833781#0"" from=""11784653570"" to=""cluster_11784653581_953929277""/>"
1200 W @ 40 S,2.179858440516853,"<edge id=""-28474650#14"" from=""cluster_5163331831_5767883848"" to=""cluster_5116032267_9888627392""/>"
1200 W @ 50 S,3.700594873770713,"<edge id=""531995507#1"" from=""9888627400"" to=""9888627389""/>"
State St / Green Spring Way (NB),0.3840874300816443,"<edge id=""1173533039#1"" from=""cluster_10903753341_6272266677"" to=""7153550888""/>"
2600 N @ 549 W,6.992291995717272,"<edge id=""-10245765#6"" from=""84800842"" to=""cluster_84765766_8603457949""/>"
State St / 900 W (EB),2.3362620976165998,"<edge id=""1173531301#2"" from=""8202724966"" to=""11503405061""/>"
300 S / 400 E (EB),2.5108985101863666,"<edge id=""857228219#5"" from=""7992326072"" to=""7992326077""/>"
800 E @ 375 N,1.2483478291871866,"<edge id=""478863883#1"" from=""4720504434"" to=""4720504429""/>"
1200 W @ 1085 N,3.1648466966420346,"<edge id=""-568219148#5"" from=""7613861756"" to=""7613861763""/>"
Geneva Rd / 400 S (SB),1.928455997894824,"<edge id=""1087037484#1"" from=""9959981104"" to=""9959981416""/>"
Geneva Rd / 500 S (NB),1.616805648192477,"<edge id=""1124236709#3"" from=""10280802727"" to=""10280802573""/>"
Main St / 100 W (WB),2.123310290836836,"<edge id=""1172551749#1"" from=""7014662432"" to=""10894171647""/>"
Main St / 200 W (WB),2.473603278369617,"<edge id=""1172568584#0"" from=""8522853143"" to=""7013869642""/>"
Main St / 300 W (WB),2.481554615860744,"<edge id=""1172568589#1"" from=""10894272306"" to=""7144373418""/>"
Main St / Columbia Village (WB),3.0082166975888964,"<edge id=""618965046#1"" from=""7987877725"" to=""cluster_5849726970_84718345""/>"
Main St / 300 W (EB),2.641662975609172,"<edge id=""1172568582#4"" from=""7199103352"" to=""7199103353""/>"
Center St @ 200 W (WB),7.434801752248099,"<edge id=""1072008731#2"" from=""9836484135"" to=""9836484136""/>"
State Rd @ 700 S (NB),0.04286420835374683,"<edge id=""1078856892#3"" from=""9916570765"" to=""9890121445""/>"
State St / 100 E (SB),1.2637315096033148,"<edge id=""1172329984#4"" from=""10892574454"" to=""10892574486""/>"
State St / 700 S (SB),0.9869804826292865,"<edge id=""1172329993#1"" from=""9890121440"" to=""10892574646""/>"
State St / 500 N (SB),1.9463977909323222,"<edge id=""1172329998#10"" from=""10892574830"" to=""10892574829""/>"
State St @ Lindon Main St. (NB),3.0062211920984843,"<edge id=""1074257108#6"" from=""9853663345"" to=""9853663346""/>"
State St @ 1400 N (NB),1.2081249213384793,"<edge id=""1075043027#11"" from=""9859930728"" to=""9859930722""/>"
State St @ 1600 N (NB),1.627691988428184,"<edge id=""1075043024#5"" from=""9859930699"" to=""cluster_5984815420_976971928_9859930700""/>"
Sandhill Rd / 1300 S (SB),6.571745807057508,"<edge id=""230345099#2"" from=""84783315"" to=""cluster_4727117803_4727117920""/>"
University Pkwy @ 1255 W,1.4974993586077636,"<edge id=""1323545556#1"" from=""12247569364"" to=""12247569371""/>"
Geneva Rd / 800 S (NB),1.364150280870139,"<edge id=""1124236696#1"" from=""10280758494"" to=""10280758498""/>"
UVU Gunther Building (NB),7.085248895323117,"<edge id=""-10242245#6"" from=""cluster_1100436363_1100436388_84071403"" to=""84888674""/>"
1200 W / 400 S (SB),2.0899308297188335,"<edge id=""1078670584#7"" from=""9888587243"" to=""9888587210""/>"
1200 W / 600 S (SB),0.41642004454008585,"<edge id=""1078670584#4"" from=""cluster_84786425_9888587240"" to=""9888587241""/>"
Main St / 2000 S (NB),1.026122622047367,"<edge id=""1073926290#1"" from=""9850949540"" to=""9850949459""/>"
Main St / 1820 S (NB),1.5429418268488273,"<edge id=""1073926279#3"" from=""9850949458"" to=""9850949417""/>"
1430 W / Sandhill Rd (WB),2.8340444750159963,"<edge id=""10236886#6"" from=""6924227470"" to=""cluster_10280894022_84783344""/>"
550 W / University Pkwy (SB),3.029649778445848,"<edge id=""1228777206#2"" from=""11395414911"" to=""11395419606""/>"
1720 N / State St (EB),0.9464611228124411,"<edge id=""1020887670#7"" from=""cluster_6957737759_9168421190"" to=""9168421153""/>"
State St @ 1850 N (NB),1.0284923260049332,"<edge id=""1174678871#2"" from=""10915219658"" to=""10915219657""/>"
Center St @ 1772 W,1.9668303590447076,"<edge id=""1030578129#2"" from=""9499822970"" to=""12602303485""/>"
100 N @ 500 W (EB),0.9862219757152398,"<edge id=""741957425#2"" from=""cluster_7069121308_7069121309"" to=""7773453179""/>"
State St @ 2051 S,1.4488105853333542,"<edge id=""1355027025#2"" from=""12540053174"" to=""12540053171""/>"
Main St @ 1115 N,13.41525997614057,"<edge id=""-684673718#33"" from=""7011556658"" to=""cluster_1147519601_7845433399""/>"
Main St @ 1120 N,9.431455892049605,"<edge id=""684673718#33"" from=""cluster_1147519601_7845433399"" to=""7011556658""/>"
State St @ 2855 S,8.725422333650434,"<edge id=""-567935147#3"" from=""cluster_84165338_84748136"" to=""7013879695""/>"
State St @ 1444 S,6.015776826451031,"<edge id=""708492665"" from=""6657580202"" to=""6657580204""/>"
Main St. @ 1375 N,1.0084060632839724,"<edge id=""1324024436#1"" from=""12252017237"" to=""12252017249""/>"
400 N @ 101 E,7.539769406370609,"<edge id=""-10226563#3"" from=""84742287"" to=""84742282""/>"
Main St @ 475 S,9.19836788487272,"<edge id=""432599175#9"" from=""cluster_6124168409_7144708960"" to=""84945175""/>"
State St @ 2301 S,7.225921164369895,"<edge id=""-933008263#10"" from=""84725141"" to=""84748107""/>"
100 W @ 143 S,2.7172420940187965,"<edge id=""1175121823#1"" from=""10919512483"" to=""12662737904""/>"
University Place Station (EB),0.6407820370113768,"<edge id=""1274750812#1"" from=""11837385978"" to=""11836236549""/>"
Provo Airport,7.26876454382215,"<edge id=""1365115439#3"" from=""12641890267"" to=""12641890271""/>"
State St @ 600 N (NB),0.7981263489809041,"<edge id=""466686136#27"" from=""cluster_7127419035_7127419037"" to=""7011028658""/>"
Freedom Blvd / 100 S (SB),2.4406150876250305,"<edge id=""832626719#2"" from=""5387561844"" to=""7773338389""/>"
State St @ 700 E (WB),4.65154677343461,"<edge id=""882021855#10"" from=""8202601145"" to=""8202601138""/>"
South Payson P+R (Bay B),3.1457057463079288,"<edge id=""1225096172#3"" from=""7061260307"" to=""7061260297""/>"
State St / 500 W (EB),0.9752859328605755,"<edge id=""667765155#1"" from=""10915212605"" to=""10915212606""/>"
Triumph Blvd / 3400 N (SB),4.246298912756052,"<edge id=""548611164#4"" from=""6787773559"" to=""cluster_6787773554_7122227941""/>"
300 S / 600 E (WB),1.9842901329983629,"<edge id=""1211272656"" from=""9742025536"" to=""9742025563""/>"
Palisade Park P+R,0.3178309416463085,"<edge id=""10244417#2"" from=""cluster_5499421550_7014682916_84911389"" to=""84911397""/>"
Sundance Mountain Resort,9.330491699471533,"<edge id=""1227169322#0"" from=""84469125"" to=""3733870082""/>"
