Name/Address,Latitude,Longitude
State Rd @ 790 S (NB),40.35428100,-111.73430700
1600 N @ 139 E,40.32671300,-111.69291200
Center Street @ 1981 W,40.23382700,-111.69384400
Freedom Blvd / 500 N (NB),40.24071500,-111.66207200
State St / Pacific Dr. (SB),40.38120200,-111.81399500
Center St / Vineyard Rd (EB),40.29697000,-111.74359500
100 E @ 2195 N,40.38675600,-111.73990600
Main St @ 100 E (WB),40.37688800,-111.79669700
1200 W @ 270 S,40.29264300,-111.72434700
Ashton Blvd / Triumph Blvd (NB),40.42042100,-111.88600600
920 S @ 331 W,40.22170500,-111.66514800
Center St @ 50 W (WB),40.36408300,-111.74155200
State St @ 740 E (WB),40.37223400,-111.77778200
State St / 600 N (SB),40.34994700,-111.72969400
Center St / Vineyard Rd (WB),40.29720400,-111.74285800
Center St / Orem Blvd (EB),40.29705600,-111.69681300
800 E @ 983 S,40.27902300,-111.67619900
300 W / River Park Dr (NB),40.30276100,-111.66271300
Freedom Blvd / 100 N (NB),40.23571300,-111.66209500
University Ave / 3700 N (SB),40.28243200,-111.65858100
4800 West @ 10080 N,40.41626500,-111.77359100
State St / 100 E (WB),40.39737200,-111.84804600
State St / 400 N (SB),40.34427800,-111.72291100
Main St @ 150 S (NB),40.36189300,-111.74066600
State St / 700 E (EB),40.37257400,-111.78043100
Main St / 400 N (NB),40.30432200,-111.75363700
Main St / 400 N (SB),40.30373700,-111.75372800
Main St / 110 N (NB),40.29903300,-111.75319700
Main St / 110 N (SB),40.29862200,-111.75366200
Vineyard Station (Bay A),40.31173900,-111.75131300
Uta Mt. Timpanogos Garage,40.27710800,-111.72933800
2230 N / Freedom Blvd (EB),40.26334700,-111.66073300
Freedom Blvd / 1950 N (NB),40.26063700,-111.66143700
Freedom Blvd / 1800 N (SB),40.26116900,-111.66160400
North County Blvd @ 10900 N,40.43032900,-111.77361900
11000 N @ 5320 W,40.43200200,-111.78743500
Adobe,40.43559600,-111.89095100
11000 N @ 5331 W,40.43177900,-111.78686700
300 W / River Park Dr (SB),40.30315500,-111.66266600
300 W / 4900 N (SB),40.29955300,-111.66303800
State St / Green Spring Way (SB),40.37922500,-111.81336300
State St / Columbia Village (EB),40.37678800,-111.81025400
Main St / American Fork Center St (,40.37671600,-111.79894500
Main St / 100 E (EB),40.37670400,-111.79672600
State St / 300 E (EB),40.37491800,-111.79021600
Main St / 100 W (EB),40.37673100,-111.80148500
State St @ 400 E (WB),40.37475800,-111.78843800
State St @ Pleasant Grove Center St,40.36620700,-111.75173100
State St @ 500 E (WB),40.37420500,-111.78600100
State St / 500 E (EB),40.37351100,-111.78412700
State St / 860 E (EB),40.37083500,-111.77266800
State St / North County Blvd (EB),40.36977600,-111.76798600
State St / 1300 W (EB),40.36776100,-111.75915500
Center St / 400 W (EB),40.36506800,-111.74695100
Center St / 200 W (EB),40.36442400,-111.74411200
Center St / 100 W (EB),40.36405400,-111.74252900
State St / 150 S (SB),40.36200500,-111.74079700
Main St @ 50 S (NB),40.36321700,-111.74067100
State Rd @ 1300 W (WB),40.36821900,-111.76018100
Center St / 1200 W (WB),40.29735200,-111.72171500
Express Way Lane @ 1211 E,40.12286200,-111.63400500
Geneva Rd @ 1032 S,40.27842800,-111.73019800
University Ave / 3700 N (NB),40.28316000,-111.65840400
State St @ North County Blvd. (WB),40.37042200,-111.76982700
State St / 740 E (EB),40.37195600,-111.77775300
State St @ 400 N (NB),40.34508200,-111.72331500
State St @ 600 N (NB),40.35011700,-111.72930400
State Rd @ 800 N (NB),40.35230300,-111.73193200
State St / 700 N (SB),40.35141200,-111.73142500
State St @ 100 S (NB),40.29550900,-111.69408300
State St / 1500 N (WB),40.40660400,-111.86060600
Freedom Blvd / 800 N (NB),40.24458500,-111.66203400
1600 N @ 260 W,40.32647200,-111.72094400
State St @ 860 E (WB),40.37110100,-111.77285100
University Ave / 3300 N (SB),40.27706800,-111.65779800
Ashton Blvd / Triumph Blvd (EB),40.42019500,-111.88519700
State St @ Center St. (NB),40.29760900,-111.69499200
Main St @ 595 N,40.17514600,-111.61078900
900 N / 800 E (EB) for BYU S Campus,40.24580200,-111.64461800
Triumph Blvd / Ashton Blvd (NB),40.42068800,-111.88548100
400 S @ 350 E,40.16099700,-111.60444600
100 W @ 680 S,40.03377900,-111.73409400
Highway 198 @ 385 N,40.06035800,-111.66896800
State St @ 1200 N (NB),40.31987800,-111.70479400
State St @ 1800 N (NB),40.33061000,-111.71069000
State St @ 1960 N,40.33271900,-111.71245300
State St @ 300 N (NB),40.34342100,-111.72134600
State St / 800 W (SB),40.33549900,-111.71516100
800 S @ 705 W,40.03124100,-111.74380900
1460 N / 1900 W (EB),40.25339900,-111.69100800
1430 S / 550 W (WB),40.27078100,-111.70834100
State St / 400 E (EB),40.37431300,-111.78753200
Pleasant Grove Center St / State St,40.36562100,-111.74944200
Main St / American Fork Center St (,40.37691100,-111.79899400
Main St / 400 E (EB),39.97551800,-111.77657900
900 E / 150 S (NB),40.23198300,-111.64277900
900 E / 200 N (NB),40.23635600,-111.64305400
State St @ 1970 S,40.20727000,-111.62954200
South Payson P+R (Bay A),40.03231300,-111.75440600
800 S @ 680 W,40.03144300,-111.74330500
Highway 198 @ 1877 W,40.04734000,-111.69874700
100 W @ 397 S,40.03849200,-111.73377600
100 N @ 190 E,40.04446100,-111.73013700
University Ave / Cougar Blvd (SB),40.24925300,-111.65877900
Center St / 800 E (EB),40.29684600,-111.67612500
Center St / 800 E (WB),40.29703900,-111.67748500
State St @ 1100 N (NB),40.31716500,-111.70357300
State St / 2000 N (SB),40.33329800,-111.71337100
1200 W / 700 S (NB),40.28449700,-111.72399100
1200 W @ 1586 N,40.32601900,-111.72476900
Main St / 1600 N (SB),40.25555900,-111.69485400
UVU Station (Adjacent bus stop EB),40.27554300,-111.71206100
State St @ 400 S. (NB),40.29018600,-111.69178500
State Hwy @ 1095 N,40.12365400,-111.62870200
100 N @ 890 E,40.04439400,-111.71804900
100 N @ 985 E,40.04465700,-111.71643900
100 N @ 395 E,40.04460100,-111.72777100
100 N @ 185 E,40.04462900,-111.72988100
State Rd @ 1076 N,40.07089600,-111.66300300
1600 N @ 277 W,40.32650700,-111.70296900
Main St  @ 60 S,40.10901500,-111.65496000
Redwood Rd @ 1418 N,40.38807600,-111.91618400
Harvest Hills Blvd @ 224,40.39866300,-111.92627400
Hwy 198  @ 38 N,40.05716000,-111.67289500
Center St @ 2915 W,40.23379400,-111.70952300
University Ave / 4200 N (SB),40.28870400,-111.65868200
University Ave / 4200 N (NB),40.28930400,-111.65832400
University Ave / 2680 N (SB),40.26841000,-111.65737600
BYU South Campus Station,40.24591600,-111.64610200
University Place Station (WB),40.27360400,-111.68042700
900 E / 300 S (SB),40.23024100,-111.64284200
400 E @ 212 S,40.16361600,-111.60346700
800 E @ 595 N,40.11721400,-111.64073100
Main St @ 480 S,40.10275900,-111.65538000
State St / 500 W (WB),40.40416700,-111.85746300
State St / 950 E (WB),40.39152100,-111.83342300
State St / 950 E (EB),40.39155300,-111.83407600
500 W 180 N,40.23605800,-111.66731400
University Ave / 2680 N (NB),40.26827800,-111.65714500
300 S / 200 E (WB),40.22977900,-111.65550100
UVU McKay Education Building (WB),40.28271600,-111.71801700
UVU Testing Services (WB),40.28264800,-111.72244000
2230 North Station,40.26267200,-111.66702300
BYU Stadium Station,40.25558800,-111.65207500
BYU Stadium Station,40.25585900,-111.65205300
BYU North Campus Station,40.25654800,-111.64625800
Provo Central Station (Bay H),40.22524300,-111.66178200
400 South Station,40.22861500,-111.65870900
Academy Square Station,40.24150500,-111.65866000
1200 W @ 707 N,40.30932500,-111.72450500
2100 W / 1730 N (SB),40.25715600,-111.69488400
1430 S / 400 W (WB),40.27152400,-111.70561300
Freedom Blvd / 1550 N (NB),40.25476100,-111.66182300
800 S @ 1199 W,40.03122500,-111.75288400
100 N @ 30 W,40.04464300,-111.73279700
Grandview Ln / State St (WB),40.25625200,-111.67289500
700 N / 200 E (EB),40.24292600,-111.65477600
Lakeview Station,40.27357900,-111.70396000
BYU North Campus Station,40.25677600,-111.64621100
Joaquin Station,40.24301800,-111.65131300
300 North Station,40.23745200,-111.65869000
Towne Centre Blvd Station,40.21685000,-111.66097000
State St / 1800 N (SB),40.33032900,-111.71100600
State St / 1400 N (SB),40.32235900,-111.70627900
State St / 1200 N (SB),40.31900100,-111.70481700
State St / 1000 N (SB),40.31571700,-111.70334400
1600 N @ 526 W,40.32661600,-111.70916800
1600 N @ 832 W,40.32652200,-111.71584400
1600 N @ 445 W,40.32642900,-111.70690100
State St @ 400 N (NB),40.30516500,-111.69843200
1600 N @ 755 W,40.32637200,-111.71411600
800 E @ 32 S,40.29627700,-111.67655100
800 E @ 220 S,40.29305800,-111.67645300
800 E @ 442 S,40.28884600,-111.67638100
River Park Dr / Edgewood Dr (WB),40.30313300,-111.65844800
1200 N @ 761 E,40.31939400,-111.67752700
Timpanogos Pkwy @ 655 E,40.32325300,-111.68068100
Research Way @ 1224 N,40.31965900,-111.68074100
300 S / 600 E (EB),40.22957700,-111.64798500
State St / 500 N (SB),40.30578600,-111.69901500
State St / 400 N (SB),40.30369400,-111.69813900
State St / 100 N (SB),40.29913300,-111.69612500
State St / Orem Center St (SB),40.29665500,-111.69507000
Main St / 1450 S (SB),40.27056800,-111.69517900
Main St / 1600 S (SB),40.26739100,-111.69511100
1460 N / Grand Ave (WB),40.25351300,-111.69426500
Main St / 1600 S (NB),40.26827200,-111.69495100
Main St / 1450 S (NB),40.27052900,-111.69500200
Main St / 1400 S (NB),40.27218700,-111.69499900
1200 W / 400 S (NB),40.28891100,-111.72412200
1200 W / 540 S (NB),40.28736300,-111.72405400
1600 N @ 525 W,40.32641300,-111.70989600
1600 N @ 97 W,40.32653200,-111.69855900
1200 N @ 762 E,40.31921200,-111.67747100
Timpanogos Pkwy @ 680 E,40.32292700,-111.68051900
Research Way @ 1243 N,40.31992000,-111.68097500
Main St / University Pkwy (SB),40.27287700,-111.69525600
1720 N / 550 W (EB),40.25691100,-111.66894600
900 E / 450 N (SB),40.23976800,-111.64330100
1460 N / Grand Ave (EB),40.25338500,-111.69414100
2100 W / 1730 N (NB),40.25658800,-111.69469900
1200 W / 700 S (SB),40.28405700,-111.72419600
State St @ 600 S (NB),40.28649500,-111.69011200
State St / 400 S (SB),40.28937000,-111.69182900
State St / 600 S (SB),40.28610600,-111.69039300
UVU Gunther Building (SB),40.27805200,-111.70820800
University Pkwy / Main St (WB),40.27373100,-111.69601800
1430 S / 400 W (EB),40.27154100,-111.70523800
State St @ 200 S (NB),40.29376900,-111.69331700
1460 N / 1500 W (EB),40.25340400,-111.68576500
800 E @ 385 S,40.28992100,-111.67619500
University Pkwy @ 2266 N,40.26367700,-111.66794500
800 E / 800 S (SB),40.28119800,-111.67646600
800 E / 1000 S (SB),40.27819000,-111.67644300
550 W / 1800 N (NB),40.25898500,-111.66785400
800 E @ 621 S,40.28544400,-111.67613800
State St / 1700 S (SB),40.26543800,-111.68101900
State St / 1800 S (SB),40.26344800,-111.67920100
State St / 1950 N (SB),40.26097400,-111.67685100
State St / 1850 N (SB),40.25849200,-111.67459600
State St / Grandview Ln (SB),40.25592300,-111.67222700
State St / Riverside Ave (SB),40.25316400,-111.66968700
500 W / Cougar Blvd (SB),40.24982500,-111.66760200
500 W / 1050 N (SB),40.24809600,-111.66756100
State St @ 1697 S,40.26631800,-111.68116000
1460 N / 1500 W (WB),40.25352100,-111.68571400
900 E / 450 N (NB),40.24018200,-111.64311600
Freedom Blvd / 1550 N (SB),40.25488400,-111.66210800
Freedom Blvd / Paul Ream Ave (SB),40.25267100,-111.66210300
University Ave / 450 S (NB),40.22768400,-111.65855600
University Ave / 300 S (NB),40.23018700,-111.65850300
University Ave / 100 S (NB),40.23277000,-111.65852400
400 E @ 245 N,40.17005400,-111.60342400
500 W @ 852 N,40.24506400,-111.66730100
500 W @ 1078 N,40.24863700,-111.66726100
State St @ Cougar Blvd (NB),40.25111100,-111.66750000
State St. @ Riverside Ave.,40.25397200,-111.66990100
State St @ 1950 N (NB),40.26152900,-111.67690000
State St @ 1851 S,40.26416900,-111.67935500
500 W @ 508 N,40.24087400,-111.66729200
Center St @ 1767 W,40.23382900,-111.69036200
University Ave / 300 S (SB),40.22919900,-111.65887100
400 S @ 195 E,40.16119300,-111.60736100
Main St @ 420 N,40.17260100,-111.61042700
Main St @ 670 N,40.17585100,-111.61043400
400 S @ 210 E,40.16100700,-111.60672100
State St @ 2390 S,40.20158300,-111.62163200
Main St @ 900 N,40.17875900,-111.61045100
400 N @ 221 E,40.17231200,-111.60658800
Main St @ 444 S,40.16063900,-111.61083600
400 N @ 110 E,40.17216400,-111.60836500
400 E @ 20 S,40.16621500,-111.60344600
400 E @ 390 S,40.16159600,-111.60349800
400 E @ 26 N,40.16703100,-111.60326800
800 E @ 558 N,40.11700100,-111.64050400
Main St @ 295 S,40.10614100,-111.65466300
Main St @ 87 S,40.10890200,-111.65461900
800 E / 700 N (SB),40.11897200,-111.64071800
800 E @ 455 N,40.11555100,-111.64074200
Main St @ 140 S,40.10793100,-111.65499100
Main St @ 210 S,40.10700300,-111.65500200
800 E @ 450 N,40.11558100,-111.64052800
100 N @ 30 W,40.23520300,-111.65920600
100 N @ 280 W,40.23521500,-111.66364600
100 N / 100 W (EB),40.23502200,-111.66019700
500 W @ 358 N,40.23826800,-111.66730400
Expressway Ln @ 940 E,40.12153700,-111.63841400
Expressway Lane @ 945 E,40.12157200,-111.63875200
Center St @ 630 E,40.10963500,-111.64368600
800 E @ 30 N,40.11033700,-111.64063600
800 E @ 190 N,40.11224200,-111.64057400
State Hwy @ 1150 N,40.12424500,-111.62785500
800 S @ 947 W,40.03124900,-111.74899100
State Rd @ 763 S,40.03196000,-111.73517400
100 N @ 444 E,40.04443800,-111.72683600
100 N @ 520 E,40.04442700,-111.72509900
100 N @ 640 E,40.04442200,-111.72288200
100 N @ 1020 E,40.04447200,-111.71563500
Highway 198 @ 499 W,40.05124800,-111.68290600
400 N @ 351 E,40.17229700,-111.60431800
Main St @ 195 S,40.10737700,-111.65465300
Geneva Rd @ 1161 S,40.27585200,-111.72778900
1200 W @ 1209 N,40.31925500,-111.72481700
1200 W @ 1086 N,40.31705800,-111.72451700
800 E @ 579 N,40.30782100,-111.67671300
800 E @ 574 N,40.30777900,-111.67652200
University Ave / 900 S (SB),40.22233900,-111.65898300
Freedom Blvd / 300 N (NB),40.23799700,-111.66211900
State St / 900 W (WB),40.38725200,-111.82250600
University Ave / Paul Ream Ave (SB),40.25312800,-111.65875800
University Pkwy/University Ave (WB),40.25609400,-111.65939000
Freedom Blvd / 350 S (SB),40.22876900,-111.66235300
1860 S @ 502 E,40.20864700,-111.65168700
University Ave / Paul Ream Ave (NB),40.25372000,-111.65846500
University Ave / 4800 N (SB),40.29719700,-111.65729600
State St @ 200 N (NB),40.30119700,-111.69656800
University Ave / 4800 N (NB),40.29812700,-111.65665800
East Bay Blvd @ 139 E,40.21476200,-111.65632800
Freedom Blvd / 350 S (NB),40.22897600,-111.66216600
Main St @ 1056 S,40.09759300,-111.65556600
Main St @ 931 S,40.09847800,-111.65523300
Main St / 500 W (LDS Church P+R),39.97639000,-111.79585200
400 S / 1350 W (WB),40.28995400,-111.72835500
400 S / 1350 W (EB),40.28981000,-111.72814000
State Rd @ 1065 N,40.07088800,-111.66330700
800 E @ 984 N,40.31530800,-111.67663500
100 W @ 420 S,40.03795100,-111.73395400
Highway 198 @ 380 N,40.05987900,-111.66888200
Freedom Blvd / 300 N (SB),40.23806400,-111.66233000
Redwood Rd @ 1461 N,40.38929100,-111.91660700
Center St @ 875 W,40.23368200,-111.67405800
500 W @ 344 S,40.22914400,-111.66764800
920 S @ 471 W,40.22168000,-111.66686900
500 W @ 897 S,40.22195800,-111.66735500
500 W @ 281 S,40.23017900,-111.66740300
Center St @ 548 W,40.23391800,-111.66832200
Center St @ 970 W,40.23391600,-111.67523000
Lakeview Pkwy / Mike Jense Pkwy,40.22073200,-111.71256700
UVU Testing Services (EB),40.28247500,-111.72217400
UVU McKay Education Building (EB),40.28259800,-111.71800400
Center St @ 2906 W,40.23386600,-111.70934600
700 N / 600 E (WB),40.24309000,-111.64857000
700 N / 200 E (WB),40.24310700,-111.65543700
University Ave / Cougar Blvd (NB),40.25127400,-111.65855200
100 E @ 1446 N,40.37957600,-111.73972300
100 E @ 1453 N,40.37965800,-111.73991300
Main St / Center St (EB),39.97551900,-111.78484700
980 W @ 919 N,40.31388200,-111.71969100
1200 W @ 1448 N,40.32329900,-111.72474200
400 E @ 210 N,40.16969400,-111.60322900
State St / Lindon Center St (SB),40.33716700,-111.71652700
300 S / 200 E (EB),40.22960000,-111.65467700
UVU Station,40.27588000,-111.71243700
UVU Station,40.27548400,-111.71182000
Ashton Blvd / 1800 W (WB),40.41874800,-111.88077400
Center Street Station,40.23334500,-111.65869400
Center St / 400 E (WB),40.29717700,-111.68665400
Center St / 400 E (EB),40.29694500,-111.68512900
Triumph Blvd / 3400 N (NB),40.42987700,-111.88030500
Provo Central Station (Bay J),40.22503200,-111.66081600
Triumph Blvd / Ridge Dr (SB),40.42546500,-111.88087000
Triumph Blvd / Ridge Dr (NB),40.42584000,-111.88018600
Mill Rd @ 267 N,40.30198400,-111.73750600
Mill Rd @ 238 N,40.30142100,-111.73750900
State St @ Lindon Center St. (NB),40.33885300,-111.71748800
State  St @ 198 N,40.34176100,-111.71987700
1600 N @ 278 W,40.32664800,-111.70329100
1600 N @ 460 W,40.32664200,-111.70676100
1600 N @ 1035 W,40.32631900,-111.72057100
Main St / 1820 S (SB),40.26356600,-111.69505700
Main St / 2000 S (SB),40.26049800,-111.69491500
1460 N / 1900 W (WB),40.25352400,-111.69069200
University Ave / 960 N (SB),40.24696300,-111.65877800
East Bay North Station,40.21450900,-111.65633100
East Bay South Station,40.20894300,-111.65521400
University Pkwy / 400 W (EB),40.27339500,-111.70408500
University Place Station,40.27328800,-111.67955500
University Pkwy / 2230 N (SB),40.26246800,-111.66712300
BYU South Campus Station,40.24576500,-111.64591600
State St @ 1150 S,40.27577800,-111.68539700
1200 W @ 660 N,40.30919500,-111.72435200
1200 W @ 1320 N,40.32121800,-111.72468500
1720 N / 550 W (WB),40.25703000,-111.66894200
800 E @ 1169 S,40.27573600,-111.67595700
State St / University Pkwy (SB),40.27223300,-111.68425200
State St / 1500 S (SB),40.26938500,-111.68304100
700 N / 600 E (EB),40.24291700,-111.64868400
550 W / University Pkwy (NB),40.26175200,-111.66793300
800 E / 1150 S (SB),40.27599900,-111.67629200
300 S / 400 E (WB),40.22975900,-111.65201800
500 W / 200 N (NB),40.23756300,-111.66762400
900 E / 300 N (SB),40.23791400,-111.64331900
900 E / 200 N (SB),40.23611500,-111.64330800
900 E / Center St (SB),40.23443100,-111.64333800
900 E / 50 S (SB),40.23247800,-111.64315900
900 E @ 390 S,40.22860400,-111.64282500
900 E @ 534 S,40.22649900,-111.64276400
100 N @ 875 E,40.04461200,-111.71852600
100 N @ 601 E,40.04459200,-111.72300400
Highway 198 @ 502 W,40.05123100,-111.68327100
1460 N / 1220 W (EB),40.25341000,-111.68085900
1460 N / 1220 W (WB),40.25351900,-111.68013500
Center St @ 2084 W,40.23393000,-111.69547400
University Pkwy / 200 W (WB),40.27376000,-111.70062200
UVU Fulton Library (WB),40.28088200,-111.71567100
State St / 1600 S (SB),40.26726000,-111.68211000
Main St @ 1456 N,40.18651700,-111.61052400
Lehi Station (Bay B),40.42583600,-111.89592400
Lehi Station (Bay E),40.42560800,-111.89555500
Provo Central Station (Bay A),40.22538900,-111.66172300
State St @ 1090 S,40.21957800,-111.63916800
Orem Central Station (Bay F),40.28079300,-111.72638400
500 W / 940 N (SB),40.24613900,-111.66756600
800 S @ 996 W,40.03145700,-111.74893200
800 S / State St (EB),40.28231900,-111.68743900
State St @ Grandview Ln. (NB),40.25698000,-111.67269100
Center St @ 369 E,40.10992200,-111.64832200
Center St @ 745 E,40.11003700,-111.64077800
800 E @ 525 S,40.28739400,-111.67616400
500 W @ 988 N,40.24675700,-111.66731700
1200 W @ 1465 N,40.32363500,-111.72490400
State St / 600 N (SB),40.30814700,-111.70006300
State St / 200 S (SB),40.29268900,-111.69324700
1200 W @ 1575 N,40.32577800,-111.72497800
1600 N @ 381 E,40.32670500,-111.68732200
800 E / 800 N (SB),40.31130400,-111.67678100
UVU Station (Adjacent bus stop WB),40.27584000,-111.71222300
1430 S / Sandhill Rd (EB),40.27076200,-111.71108200
1430 S / 550 W (EB),40.27070200,-111.70844700
800 E @ 225 S,40.29269500,-111.67626100
2230 N / 350 W (EB),40.26351100,-111.66542500
2230 N / Freedom Blvd (WB),40.26352400,-111.66161800
2230 N / 400 W (WB),40.26363300,-111.66478900
State St @ 800 S (NB),40.28295200,-111.68855600
University Ave / 700 N (NB),40.24361800,-111.65849200
University Ave / 960 N (NB),40.24698100,-111.65849300
900 E @ 591 S,40.22602800,-111.64248900
University Ave / Towne Centre (NB),40.21702600,-111.65879800
University Ave / 900 S (NB),40.22218200,-111.65856900
University Ave / 1000 S (SB),40.22043800,-111.65921000
University Ave / Towne Centre (SB),40.21822600,-111.65921000
400 N @ 22 E,40.17220100,-111.61021800
400 N @ 220 E,40.17217300,-111.60659700
500 W / 500 N (SB),40.24001700,-111.66761500
900 E / 300 S (NB),40.23005200,-111.64265600
800 E @ 680 N,40.11828000,-111.64051800
800 E @ 985 N,40.31530800,-111.67681700
East Bay Blvd @ 126 E,40.21450400,-111.65656300
State St / 200 N (SB),40.34151100,-111.72009400
1600 N @ 84 W,40.32670300,-111.69801200
UVU Institute (EB),40.28001400,-111.71385100
State St @ 830 N,40.31327800,-111.70188800
500 W / 800 N (SB),40.24404900,-111.66759700
900 E / 300 N (NB),40.23766800,-111.64305100
Sandhill Rd / 1350 S (NB),40.27275300,-111.71210700
100 W @ 685 S,40.03356900,-111.73394400
State St @ 1801 S,40.20851800,-111.63023600
Main St @ 865 N,40.17898400,-111.61079500
900 N / 800 E (WB) for BYU S Campus,40.24592100,-111.64478600
1860 S @ 483 E,40.20886600,-111.65103200
Main St @ 451 S,40.16037300,-111.61048300
Main Street Station,40.27348600,-111.69465800
1600 N @ 436 E,40.32654600,-111.68580400
100 N @ 273 W,40.23504500,-111.66350900
River Park Dr / Edgewood Dr (EB),40.30269400,-111.65732200
1600 N @ 694 E,40.32619700,-111.67974700
550 W / 1800 N (SB),40.25895500,-111.66802100
800 E @ 905 S,40.28036100,-111.67620900
800 E @ 775 S,40.28298900,-111.67618100
University Ave / Center St (SB),40.23326100,-111.65888200
State St @ 1600 S. (SB),40.26821700,-111.68206900
State St @ University Pkwy. (NB),40.27205800,-111.68376100
400 N @ 340 E,40.17215600,-111.60369500
900 E / Center St (NB),40.23414400,-111.64309000
State St @ 1449 S,40.21431100,-111.63479800
Main St @ 318 S,40.10554100,-111.65502800
Center St @ 46 E,40.10967700,-111.65388200
Center St @ 370 E,40.10966100,-111.64841200
Center St @ 139 E,40.10994500,-111.65252200
800 E @ 185 N,40.11219200,-111.64077100
Center St @ 621 E,40.10989900,-111.64388400
State Rd @ 742 S,40.03215100,-111.73523600
Highway 198 @ 1902 W,40.04745500,-111.69927400
Highway 198 @ 2349 W,40.04601000,-111.70635100
State Rd @ 2192 W,40.04641400,-111.70555100
100 N @ 40 E,40.04446600,-111.73172800
Pony Express Pky @ 3917 E,40.36223300,-111.96864000
Pony Express Pky  @ 3916 E,40.36206900,-111.96858300
Hwy 198 @ 21 S,40.05691800,-111.67377000
State St @ 1049 S,40.21998800,-111.63901500
Ashton Blvd / 1800 W (EB),40.41859500,-111.88077000
Cabela's Blvd / Outlet Pkwy (EB),40.43390700,-111.88264800
500 W @ 118 S,40.23209600,-111.66763200
300 S / State St (EB),40.22961500,-111.64542100
400 E @ 175 S,40.16419400,-111.60328700
Center St / 150 E (EB),40.29693500,-111.74968600
Center St / 150 E (WB),40.29713000,-111.75036400
Center St / 600 W (EB),40.29706900,-111.70983200
Center St / 600 W (WB),40.29725200,-111.70923500
Center St / Orem Blvd (WB),40.29726700,-111.69824600
Center St / State St (EB),40.29702700,-111.69343200
Main St / Vineyard Loop Rd (NB),40.30800700,-111.75331800
Main St / Vineyard Loop Rd (SB),40.30741800,-111.75355400
State St / 700 E (WB),40.39343300,-111.83826900
State Hwy @ 1793 S,40.14232700,-111.61191200
Geneva Rd / 800 S (SB),40.28186700,-111.73196200
Geneva Rd @ 26 S,40.29613300,-111.73430000
Mill Rd / Geneva Rd (WB),40.29742300,-111.73568400
100 E @ 2148 N,40.38698100,-111.73970600
11000 N @ 5800 W,40.43199200,-111.79757700
11000 N @ 5799 W,40.43177400,-111.79733900
11000 N @ 6350 W,40.43191900,-111.81124200
State Hwy @ 1796 S,40.14244500,-111.61213600
Freedom Blvd / Paul Ream Ave (NB),40.25261600,-111.66188100
1600 N @ 567 E,40.32668200,-111.68238500
1600 N @ 152 E,40.32655600,-111.69268100
1600 N @ 695 E,40.32631200,-111.67949100
Express Way Lane @ 1212 E,40.12271100,-111.63380300
11000 N @ 6351 W,40.43168900,-111.81125100
State St / 800 N (SB),40.31092300,-111.70132700
800 E @ 624 S,40.28545100,-111.67634500
Hwy 198 @ 742 N,40.06584200,-111.66581100
Hwy 198 @ 741 N,40.06593500,-111.66604800
300 W / 4900 N (NB),40.29919100,-111.66292600
1200 W @ 251 S,40.29197500,-111.72416200
1200 W @ 148 N,40.29959700,-111.72422700
1200 W @ 720 N,40.31102900,-111.72276500
1200 W @ 759 N,40.31124900,-111.72298600
1200 W @ 361 N,40.30352100,-111.72449100
Orem Central Station (Bay A),40.28077600,-111.72622700
Orem Central Station (Bay E),40.28054300,-111.72620600
Provo Central Station (Bay D),40.22532600,-111.66091900
Provo Central Station (Bay B),40.22535400,-111.66143800
Provo Central Station (Bay L),40.22496400,-111.66143400
Provo Central Station (Bay M),40.22493600,-111.66121500
Provo Central Station (Bay N),40.22491200,-111.66088600
Provo Central Station (Bay C),40.22532600,-111.66122100
Lehi Station (Bay F),40.42571600,-111.89540300
Lehi Station (Bay A),40.42570800,-111.89611800
Center St / 1200 W (EB),40.29708500,-111.72210300
State St / 600 E (EB),40.39351300,-111.83918600
100 W @ 170 S,40.04186800,-111.73392400
State St / 1600 N (SB),40.32518300,-111.70750400
UVU Fulton Library (EB),40.28072300,-111.71573200
State St / Lehi Main St (EB),40.38927700,-111.82839600
State St / 100 E (EB),40.39671300,-111.84709100
Main St / Center St (WB),39.97569700,-111.78585800
Main St / 400 E (WB),39.97570400,-111.77767200
Mill Rd / Center St (EB),40.29778600,-111.73661900
1200 W @ 404 N,40.30485500,-111.72431100
800 E @ 838 N,40.31246700,-111.67654600
800 E @ 412 N,40.30486400,-111.67654400
Freedom Blvd / 500 N (SB),40.24009400,-111.66230300
Sparrowhawk Way @ 7746 N,40.35864900,-111.98050400
Harvest Hills Blvd @ 478 W,40.39902400,-111.93182200
State St / 1500 N (EB),40.40589000,-111.86014900
State St. @ 2931 S,40.19909700,-111.61912700
2600 N @ 556 W,40.39209400,-111.74922900
Mt Timpanogos Blvd @ 899 N,40.39584800,-111.77214800
Mt Timpanogos Blvd @ 898 N,40.39567600,-111.77231900
4800 W @ 10892 N,40.42955400,-111.77332600
State St / 1870 N (WB),40.41140600,-111.86687500
State St / 1870 N (EB),40.41087400,-111.86665500
State St / Pacific Dr. (NB),40.38186400,-111.81392600
State St / Lehi Main St (WB),40.38917800,-111.82742600
920 S @ 328 W,40.22181200,-111.66497900
Freedom Blvd / Cougar Blvd (SB),40.25017800,-111.66214800
1200 W @ 117 N,40.29948200,-111.72440200
State St / 300 W (WB),40.40234100,-111.85504800
State St @ 300 E (WB),40.37548800,-111.79167600
800 E @ 24 N,40.29736000,-111.67636800
1200 W @ 1222 N,40.31932100,-111.72465700
Freedom Blvd / 800 N (SB),40.24392400,-111.66223300
Freedom Blvd / 100 N (SB),40.23473600,-111.66234500
Freedom Blvd / 100 S (NB),40.23275200,-111.66211500
University Ave / 3300 N (NB),40.27771700,-111.65759100
4800 West @ 10080 N,40.41588700,-111.77336500
Wolverine Crossing (EB),40.27886800,-111.72780300
Wolverine Crossing (WB),40.27900600,-111.72798600
State St / 300 W (EB),40.40190600,-111.85493200
1600 N @ 568 E,40.32651100,-111.68255900
1200 W @ 40 S,40.29645600,-111.72343700
1200 W @ 50 S,40.29632100,-111.72367400
State St / Green Spring Way (NB),40.37985700,-111.81327200
2600 N @ 549 W,40.39197700,-111.74891900
State St / 900 W (EB),40.38645500,-111.82126700
300 S / 400 E (EB),40.22959100,-111.65123700
800 E @ 375 N,40.30418500,-111.67670300
1200 W @ 1085 N,40.31704300,-111.72467000
Geneva Rd / 400 S (SB),40.28876600,-111.73403100
Geneva Rd / 500 S (NB),40.28787000,-111.73364700
Main St / 100 W (WB),40.37692300,-111.80115100
Main St / 200 W (WB),40.37694400,-111.80420400
Main St / 300 W (WB),40.37696200,-111.80699700
Main St / Columbia Village (WB),40.37703300,-111.81021100
Main St / 300 W (EB),40.37675600,-111.80555100
Center St @ 200 W (WB),40.36471900,-111.74450300
State Rd @ 700 S (NB),40.35634200,-111.73673100
State St / 100 E (SB),40.35779200,-111.73896900
State St / 700 S (SB),40.35518600,-111.73587600
State St / 500 N (SB),40.34667400,-111.72572300
State St @ Lindon Main St. (NB),40.33553500,-111.71477100
State St @ 1400 N (NB),40.32252800,-111.70596100
State St @ 1600 N (NB),40.32717000,-111.70800300
Sandhill Rd / 1300 S (SB),40.27214600,-111.71202100
University Pkwy @ 1255 W,40.27513300,-111.72510200
Geneva Rd / 800 S (NB),40.28275200,-111.73215300
UVU Gunther Building (NB),40.27932800,-111.70861100
1200 W / 400 S (SB),40.28901100,-111.72431200
1200 W / 600 S (SB),40.28644100,-111.72425400
Main St / 2000 S (NB),40.26057500,-111.69476800
Main St / 1820 S (NB),40.26368800,-111.69483700
1430 W / Sandhill Rd (WB),40.27088100,-111.71101100
550 W / University Pkwy (SB),40.26214100,-111.66823100
1720 N / State St (EB),40.25682600,-111.67152900
State St @ 1850 N (NB),40.25951600,-111.67503500
Center St @ 1772 W,40.23396300,-111.69032600
100 N @ 500 W (EB),40.23503200,-111.66705800
State St @ 2051 S,40.20543200,-111.62677700
Main St @ 1115 N,40.18154300,-111.61081200
Main St @ 1120 N,40.18195300,-111.61046300
State St @ 2855 S,40.19742500,-111.61717700
State St @ 1444 S,40.21425900,-111.63513400
Main St. @ 1375 N,40.18513600,-111.61082900
400 N @ 101 E,40.17232100,-111.60881800
Main St @ 475 S,40.10321500,-111.65503400
State St @ 2301 S,40.20220900,-111.62207100
100 W @ 143 S,40.04207100,-111.73376300
University Place Station (EB),40.27288900,-111.67868500
Provo Airport,40.21307900,-111.71140700
State St @ 600 N (NB),40.30872000,-111.69986100
Freedom Blvd / 100 S (SB),40.23201300,-111.66234900
State St @ 700 E (WB),40.37306600,-111.78115700
South Payson P+R (Bay B),40.03245400,-111.75427800
State St / 500 W (EB),40.40432500,-111.85809800
Triumph Blvd / 3400 N (SB),40.43004900,-111.88065200
300 S / 600 E (WB),40.22975100,-111.64872900
Palisade Park P+R,40.31282400,-111.66379800
Sundance Mountain Resort,40.39089800,-111.57766100
